date,btc_price_usd,btc_volume,eth_price_usd,eth_volume,btc_daily_ret,eth_daily_ret
2024-01-01,44179.55,27174.29903,2352.04,216702.6914,,
2024-01-02,44946.91,65146.40661,2355.34,458041.6642,1.7369122139089255,0.14030373633102666
2024-01-03,42845.23,81194.55173,2209.72,798729.4869,-4.675916542427505,-6.1825468934421535
2024-01-04,44151.1,48038.06334,2267.11,448844.055,3.0478772082679795,2.5971616313379187
2024-01-05,44145.11,48075.25327,2268.78,405568.0006,-0.013567045894657959,0.07366206315528867
2024-01-06,43968.32,17835.06144,2240.78,194067.8656,-0.40047470716462197,-1.2341434603619583
2024-01-07,43929.02,23023.8508,2221.42,207138.6927,-0.08938253724500855,-0.8639848624139912
2024-01-08,46951.04,72814.57589,2330.44,539407.5547,6.879324874536241,4.90767166947268
2024-01-09,46110.0,69927.66617,2344.29,551454.9931,-1.7913128228895459,0.5943083709514019
2024-01-10,46653.99,89911.41203,2584.38,1038388.666,1.1797657774886172,10.241480362924381
2024-01-11,46339.16,87470.3296,2618.01,838712.2577,-0.6748190240534524,1.301279223643581
2024-01-12,42782.73,86327.93707,2522.54,887457.7627,-7.674783056058853,-3.6466629233654624
2024-01-13,42847.99,36118.47464,2578.19,422061.232,0.15253818538460973,2.206109714811255
2024-01-14,41732.35,28228.40894,2472.87,306207.7463,-2.60371606696137,-4.085036401506493
2024-01-15,42511.1,40269.89303,2511.78,315247.8819,1.8660583456239666,1.573475354547571
2024-01-16,43137.95,45045.74589,2587.4,381077.6247,1.4745560571238991,3.010613986893751
2024-01-17,42776.1,33266.21388,2530.19,366281.3477,-0.8388205744593757,-2.211099945891626
2024-01-18,41327.5,43907.51641,2470.81,452090.1074,-3.38647048234878,-2.3468593267699345
2024-01-19,41659.03,48342.74559,2492.0,424209.0029,0.8022019236585853,0.8576134951695957
2024-01-20,41696.04,15923.99493,2472.01,136620.9577,0.08884028264701804,-0.8021669341893967
2024-01-21,41580.33,11730.16301,2457.05,122572.1687,-0.277508367701107,-0.6051755454063668
2024-01-22,39568.02,55426.19911,2314.2,526337.6492,-4.839571980308966,-5.813882501373612
2024-01-23,39897.6,57956.63351,2242.6,700105.3314,0.8329453937801379,-3.0939417509290412
2024-01-24,40084.88,39293.82861,2235.02,359851.1496,0.4694016682707636,-0.33800053509319694
2024-01-25,39961.09,31022.11853,2218.64,330426.6061,-0.3088196846292135,-0.7328793478358131
2024-01-26,41823.51,47384.96726,2267.68,363566.4255,4.660583582680067,2.2103631053257855
2024-01-27,42120.63,16224.41667,2267.94,145109.3836,0.7104138318376307,0.011465462499127277
2024-01-28,42031.06,27294.99838,2256.9,209326.9087,-0.21265114030820653,-0.48678536469218825
2024-01-29,43302.7,31542.74207,2317.6,305528.0776,3.025476873531141,2.6895298861269845
2024-01-30,42941.1,37619.24546,2343.01,372879.5791,-0.8350518558888909,1.0963928201588091
2024-01-31,42580.0,39871.13688,2283.14,397116.1859,-0.8409193057467013,-2.5552601141267117
2024-02-01,43082.94,35231.04664,2304.28,310997.4538,1.1811648661343321,0.9259178149390923
2024-02-02,43200.0,29672.14418,2309.06,238230.511,0.27170847671955656,0.207440068047271
2024-02-03,43011.09,12033.40998,2296.49,133232.845,-0.43729166666667263,-0.5443773656812811
2024-02-04,42582.88,17066.89404,2289.79,171232.0444,-0.995580442160382,-0.29174958305935306
2024-02-05,42708.7,29467.75905,2301.83,236610.412,0.29547085589325395,0.5258124107450968
2024-02-06,43098.95,24675.85433,2372.64,368942.7498,0.9137482526979213,3.0762480287423566
2024-02-07,44349.6,34392.59915,2425.1,342791.7013,2.9018108329785353,2.2110391799851747
2024-02-08,45288.65,45439.62231,2419.55,338040.0539,2.1173809910348673,-0.2288565419982569
2024-02-09,47132.77,73503.481,2486.56,492384.385,4.071925305788526,2.7695232584571405
2024-02-10,47751.09,24802.35936,2500.24,185099.59,1.3118685789101692,0.5501576475130276
2024-02-11,48299.99,29958.80837,2507.21,219975.1471,1.1495025558578842,0.27877323776919205
2024-02-12,49917.27,59009.96705,2659.99,449501.776,3.348406490353306,6.093625982665984
2024-02-13,49699.59,55551.56706,2639.99,502447.745,-0.4360815405169416,-0.751882525874159
2024-02-14,51795.17,57046.37401,2774.81,461670.6944,4.216493536465804,5.106837525899732
2024-02-15,51880.0,53816.03055,2822.59,481689.1874,0.1637797501195637,1.7219196990064356
2024-02-16,52124.11,37772.25318,2801.8,378070.8037,0.4705281418658558,-0.7365575588378026
2024-02-17,51642.64,25674.00622,2785.93,243302.8759,-0.923699224792518,-0.5664215861232225
2024-02-18,52137.67,21992.10363,2881.2,367987.8833,0.9585683458475325,3.4196839116560795
2024-02-19,51774.73,29534.99432,2944.8,446451.0401,-0.696118564561854,2.2074135776759762
2024-02-20,52258.82,49614.47318,3014.81,634681.7471,0.9349928044047662,2.377411029611509
2024-02-21,51849.39,43079.40049,2967.9,595955.0033,-0.7834658340927003,-1.555985285971584
2024-02-22,51288.42,35309.44574,2971.4,563525.9936,-1.0819220824005882,0.11792850163414581
2024-02-23,50744.15,30545.79544,2922.24,428826.5787,-1.0611947102289299,-1.6544389849902474
2024-02-24,51568.22,16560.4211,2992.62,243854.0783,1.6239704478250294,2.4084264126149835
2024-02-25,51728.85,18721.63159,3112.59,412306.2237,0.31149029382824267,4.008861800028085
2024-02-26,54476.47,51256.72199,3175.94,546722.7747,5.311581448263403,2.0352825139192676
2024-02-27,57037.34,67194.98562,3242.36,625939.1221,4.700873606531397,2.0913493327959554
2024-02-28,62432.1,118763.46984,3383.1,947538.766,9.458295215029322,4.340665441221825
2024-02-29,61130.98,78425.07603,3340.09,759698.1123,-2.0840561185672013,-1.2713192042800858
2024-03-01,62387.9,47737.93473,3433.43,412788.5773,2.056109684484042,2.794535476588944
2024-03-02,61987.28,25534.73659,3421.4,283984.9448,-0.6421437490282567,-0.35037848448926656
2024-03-03,63113.97,28994.90903,3487.81,341631.531,1.8176148396896963,1.941018296603736
2024-03-04,68245.71,84835.16005,3627.76,715360.6361,8.130909844524137,4.0125465550015615
2024-03-05,63724.01,132696.7813,3553.65,1392904.864,-6.6256179326143805,-2.0428584029814623
2024-03-06,66074.04,78738.85491,3818.59,969494.71,3.687825044280779,7.455433146201784
2024-03-07,66823.17,53059.8869,3868.76,540780.675,1.1337735667442228,1.3138357351797358
2024-03-08,68124.19,74261.932842,3883.36,646399.2589,1.946959415424332,0.377381900143714
2024-03-09,68313.27,19872.89743,3905.21,254839.1386,0.2775519239201163,0.5626570804663888
2024-03-10,68955.88,38404.66835,3878.47,356664.68,0.9406810711886537,-0.6847263015305249
2024-03-11,72078.1,75292.825726,4064.8,721554.5139,4.527851721999632,4.80421403285316
2024-03-12,71452.01,68783.546691,3979.96,632787.3941,-0.8686272251904659,-2.087187561503645
2024-03-13,73072.41,52659.711647,4004.79,482305.7766,2.267815838910625,0.6238756168403636
2024-03-14,71388.94,71757.628746,3881.7,648237.5245,-2.303838069662678,-3.0735694006427394
2024-03-15,69499.85,103334.03546,3742.19,947537.4071,-2.6461942143979122,-3.594043846768158
2024-03-16,65300.63,55926.95336,3523.09,548288.1569,-6.042056205876712,-5.854860389237315
2024-03-17,68393.48,49742.21589,3644.71,517790.9936,4.736324902225286,3.452083256459515
2024-03-18,67609.99,55691.08088,3520.46,570901.2851,-1.1455624132592601,-3.409050377121914
2024-03-19,61937.4,101005.32487,3158.64,1049629.6936,-8.390165417862072,-10.277634172806971
2024-03-20,67840.51,90420.58592,3516.53,1207322.8201,9.530768162693292,11.330509333130735
2024-03-21,65501.27,53357.48002,3492.85,602755.2072,-3.4481462477213065,-0.67339109861142
2024-03-22,63796.64,51482.37821,3336.35,558848.888,-2.602438090131687,-4.480581759880897
2024-03-23,63990.01,26410.11409,3329.53,323675.9448,0.3031037371247214,-0.20441500442098803
2024-03-24,67209.99,31395.78015,3454.98,260824.1408,5.032004214407837,3.7677990587259957
2024-03-25,69880.01,53431.14486,3590.42,548577.6942,3.9726534701165495,3.9201384667928663
2024-03-26,69988.0,38934.38417,3587.33,499013.8384,0.15453632591067024,-0.08606235482200297
2024-03-27,69469.99,49119.35685,3501.19,443195.3297,-0.7401411670572067,-2.4012287690287737
2024-03-28,70780.6,35439.03239,3560.49,404654.0311,1.8865844086057848,1.6937098529357097
2024-03-29,69850.54,25445.08353,3509.74,323086.179,-1.314004119772949,-1.4253656097896639
2024-03-30,69582.18,13644.61142,3505.64,216025.2634,-0.38419173280550556,-0.11681776997726212
2024-03-31,71280.01,19396.34433,3645.29,243464.9877,2.440035652806505,3.9835807441722437
2024-04-01,69649.8,41445.32039,3503.8,408854.1225,-2.2870507453632394,-3.8814470179327265
2024-04-02,65463.99,71799.82793,3278.96,623264.6476,-6.0097947158498695,-6.417032935669853
2024-04-03,65963.28,39887.21778,3310.83,410484.1933,0.7626941162614864,0.9719545221655634
2024-04-04,68487.79,41510.48453,3327.4,356338.5716,3.827144435510177,0.500478731919185
2024-04-05,67820.62,37915.23073,3317.85,344556.7983,-0.9741444423889245,-0.28701087936527925
2024-04-06,68896.0,20134.28919,3351.59,183312.2125,1.5856239592029642,1.0169236101692514
2024-04-07,69360.39,21534.74433,3454.2,210459.0752,0.6740449372967916,3.061531989294619
2024-04-08,71620.0,45723.87624,3694.61,496841.3532,3.257781566683815,6.959932835388805
2024-04-09,69146.0,39293.90242,3506.39,457592.252,-3.4543423624685876,-5.09444839915445
2024-04-10,70631.08,42006.02377,3545.64,389404.9055,2.147745350417951,1.1193848944355933
2024-04-11,70006.23,31917.25595,3502.52,338139.5534,-0.8846672031632585,-1.2161415146489718
2024-04-12,67116.52,56072.86229,3237.43,697327.1174,-4.127789769567636,-7.568550643536653
2024-04-13,63924.51,71395.22019,3007.01,994971.2354,-4.7559229828960214,-7.117373966386909
2024-04-14,65661.84,61599.17818,3155.11,737580.4666,2.7177838359652595,4.92515821364079
2024-04-15,63419.99,52389.53069,3101.99,605430.8863,-3.4142357265650736,-1.683618003809706
2024-04-16,63793.39,53435.29331,3084.22,526113.855,0.5887733504845949,-0.572858068530202
2024-04-17,61277.37,50610.54509,2985.41,491897.5661,-3.944013635268473,-3.2037273605644234
2024-04-18,63470.08,43601.60918,3064.4,389060.7133,3.5783356890153772,2.6458677367597883
2024-04-19,63818.01,69774.30271,3056.46,607850.4019,0.5481795516879773,-0.2591045555410565
2024-04-20,64940.59,23137.42975,3155.79,242577.6371,1.7590332258871744,3.249838047937814
2024-04-21,64941.15,19316.42152,3147.67,219970.5072,0.0008623266280816111,-0.25730482700052626
2024-04-22,66819.32,31397.99371,3200.2,290879.9569,2.8921107802987844,1.668853469391629
2024-04-23,66414.0,22599.90004,3219.46,253914.2263,-0.6065910278644115,0.6018373851634395
2024-04-24,64289.59,33595.69637,3140.8,393314.3414,-3.1987382178456425,-2.4432668832661375
2024-04-25,64498.34,31341.46338,3155.8,352288.5502,0.3247026462604552,0.4775853285787113
2024-04-26,63770.01,27085.19346,3131.3,252522.655,-1.12922286061935,-0.7763483110463265
2024-04-27,63461.98,20933.06052,3255.56,323811.1919,-0.48303269828560147,3.9683198671478292
2024-04-28,63118.62,16949.20005,3263.45,304766.009,-0.5410483568271895,0.24235461794590574
2024-04-29,63866.0,28150.22947,3216.73,421831.2912,1.184087991784355,-1.4316137829597397
2024-04-30,60672.0,54947.65535,3014.05,561717.4866,-5.001096044843889,-6.300808585115936
2024-05-01,58364.97,81166.46823,2972.46,624963.7773,-3.802462420886077,-1.379870937774763
2024-05-02,59060.61,47583.81961,2986.19,365939.7191,1.1918793070569533,0.4619069726758296
2024-05-03,62882.01,43628.40143,3102.61,355825.8391,6.470302287768459,3.898613283146757
2024-05-04,63892.04,24368.69282,3117.23,196263.9488,1.6062304624168355,0.47121616961203205
2024-05-05,64012.0,18526.75029,3136.41,218760.2662,0.18775421789631874,0.6152898566996967
2024-05-06,63165.19,34674.91949,3062.6,355135.3027,-1.3228925826407556,-2.353327530520566
2024-05-07,62312.08,25598.79472,3005.69,298796.6829,-1.3506014942723965,-1.8582250375497877
2024-05-08,61193.03,26121.19004,2974.21,266934.8125,-1.795879707433945,-1.047346865445209
2024-05-09,63074.01,30660.8061,3036.23,238561.7462,3.07384680902385,2.085259615158308
2024-05-10,60799.99,36529.34025,2909.99,327855.8758,-3.605320162773862,-4.157787782875477
2024-05-11,60825.99,13374.56936,2912.45,138163.1087,0.04276316492815013,0.0845363729772286
2024-05-12,61483.99,12753.13236,2929.29,107670.6323,1.0817744191257805,0.5782073511991781
2024-05-13,62940.08,32733.41839,2950.99,368664.7648,2.368242529478004,0.7407938442421047
2024-05-14,61577.49,29088.72041,2881.93,269675.3037,-2.1649003306001613,-2.340231583299157
2024-05-15,66206.5,43559.74719,3032.55,350254.3188,7.51737363767182,5.226358724882285
2024-05-16,65235.21,31106.3671,2944.7,293874.1513,-1.4670613912531216,-2.896901947206154
2024-05-17,67024.0,26292.23409,3092.01,357724.7731,2.7420621471135,5.002546948755415
2024-05-18,66915.2,14441.25774,3122.94,199976.5456,-0.16232991167343114,1.00032018007703
2024-05-19,66274.01,18025.30409,3071.19,166145.0102,-0.9582127827459264,-1.6570923552805983
2024-05-20,71446.62,50816.7011,3661.78,847107.8828,7.8048845995587035,19.230005307388986
2024-05-21,70148.34,49607.4336,3789.6,952437.2694,-1.8171328468722492,3.4906520872362456
2024-05-22,69166.62,27673.18026,3737.73,574938.3099,-1.3994914206095221,-1.3687460417986075
2024-05-23,67969.65,40513.17374,3783.61,1127866.076,-1.7305602037514634,1.2274829910132734
2024-05-24,68549.99,28095.83664,3728.28,479418.4318,0.8538222574340226,-1.4623600212495425
2024-05-25,69290.57,12130.39418,3749.26,158711.8992,1.0803502670095222,0.5627259755168534
2024-05-26,68507.67,11872.11797,3826.47,292208.2937,-1.1298795781301996,2.059339709702712
2024-05-27,69436.43,23136.92737,3894.22,363717.6473,1.355702215532939,1.7705613790255814
2024-05-28,68398.39,32622.97042,3844.69,416249.8344,-1.4949501292044975,-1.2718849987930714
2024-05-29,67652.42,23159.83149,3767.43,334759.6348,-1.090625086350716,-2.0095248251484565
2024-05-30,68352.17,28478.2184,3747.91,277034.2894,1.034331070492378,-0.5181250879246591
2024-05-31,67540.01,26690.32184,3762.29,273406.766,-1.1881992919902995,0.3836805046012248
2024-06-01,67766.85,8837.66133,3815.82,132687.2006,0.33586018124664996,1.4228036647892628
2024-06-02,67765.63,15426.32529,3780.91,210295.4407,-0.0018002902599123516,-0.9148754396171799
2024-06-03,68809.9,29633.374,3767.06,248848.702,1.5410024226145236,-0.36631392971533394
2024-06-04,70537.84,29619.78489,3810.23,232063.7468,2.511179350645776,1.1459865253008905
2024-06-05,71108.0,28703.18082,3865.99,273738.6035,0.8083037416512839,1.4634287169015936
2024-06-06,70799.06,21842.00449,3813.46,237504.1905,-0.4344658828823844,-1.3587722679054948
2024-06-07,69355.6,35598.45045,3678.32,362223.3594,-2.0388123797123736,-3.5437634064602763
2024-06-08,69310.46,9773.82967,3681.57,140550.8394,-0.06508486697541782,0.08835555362229908
2024-06-09,69648.14,9890.56709,3706.4,103451.102,0.48719919042521376,0.6744405240155738
2024-06-10,69540.0,17122.66941,3667.85,156363.1846,-0.15526617078359672,-1.0400928124325581
2024-06-11,67314.24,41436.01588,3497.33,439568.5978,-3.2006902502156986,-4.649045080905712
2024-06-12,68263.99,37175.32356,3560.12,387043.774,1.4109198885703833,1.795369610531461
2024-06-13,66773.01,29079.55571,3469.4,300230.8299,-2.1841383722223218,-2.5482287113917423
2024-06-14,66043.99,28408.18797,3481.8,322316.4214,-1.0917884336799966,0.3574105032570607
2024-06-15,66228.25,11451.80242,3568.74,246649.5894,0.27899586321176173,2.4969843184559526
2024-06-16,66676.87,9392.52223,3624.41,149839.982,0.6773846508098869,1.5599343185550119
2024-06-17,66504.33,27386.16851,3511.46,337805.6402,-0.2587703951910103,-3.116369284931886
2024-06-18,65175.32,42350.10244,3483.42,449913.3014,-1.9983811580388866,-0.7985282475095778
2024-06-19,64974.37,20060.79576,3560.51,321500.0027,-0.30832222994838787,2.2130549861917315
2024-06-20,64869.99,24265.29031,3513.08,329117.8453,-0.16064796011104887,-1.3321125344402995
2024-06-21,64143.56,25993.56442,3518.5,342155.102,-1.1198244365383747,0.15428057431086106
2024-06-22,64262.01,7308.95542,3495.75,115774.6157,0.18466390078755168,-0.6465823504334223
2024-06-23,63210.01,8224.45447,3420.91,133411.4304,-1.6370480786393027,-2.1408853607952527
2024-06-24,60293.3,52161.35414,3352.73,543370.4229,-4.614316624851034,-1.993036940463211
2024-06-25,61806.01,31189.24361,3394.91,240036.2236,2.5089189014368074,1.258079236920362
2024-06-26,60864.99,22485.66463,3371.44,206949.3418,-1.5225380185519222,-0.691329077943148
2024-06-27,61706.47,18344.28631,3450.44,201041.6609,1.3825353458531753,2.343212395890193
2024-06-28,60427.84,24821.19255,3380.15,221634.3435,-2.0721165868020086,-2.037131496272937
2024-06-29,60986.68,11509.55904,3378.8,88329.7651,0.9248055201046546,-0.03993905595904845
2024-06-30,62772.01,17326.30136,3438.16,141221.6185,2.9274097229099905,1.756836746773982
2024-07-01,62899.99,24547.10538,3442.2,224273.2122,0.2038806786655245,0.11750471182259137
2024-07-02,62135.47,18573.11875,3421.35,137932.7014,-1.215453293394797,-0.6057172738364924
2024-07-03,60208.58,32160.11127,3295.48,310408.451,-3.1011111688702075,-3.6789571368027185
2024-07-04,57050.01,54568.77276,3059.7,450402.5692,-5.246046327616427,-7.1546481847864385
2024-07-05,56628.79,81348.24756,2981.78,886994.3753,-0.7383346646214428,-2.5466549008072548
2024-07-06,58230.13,21651.31558,3066.83,214487.9713,2.827784241902398,2.85232310901542
2024-07-07,55857.81,19118.93918,2931.0,179892.7612,-4.074042080963924,-4.4290032378710205
2024-07-08,56714.62,48090.2049,3019.01,500445.0105,1.5339126256471713,3.0027294438758068
2024-07-09,58050.0,27732.20788,3066.65,280358.1424,2.3545604290392763,1.578000735340379
2024-07-10,57725.85,24951.73799,3101.05,270827.0844,-0.5583979328165345,1.1217452268762251
2024-07-11,57339.89,29761.05735,3099.57,289229.32,-0.668608604290799,-0.04772577030360825
2024-07-12,57889.1,23652.4569,3133.88,185745.1825,0.9578148824491928,1.106927735137453
2024-07-13,59204.02,15357.74519,3175.93,119302.4769,2.271446610847283,1.3417871775562418
2024-07-14,60797.91,21178.33907,3245.08,165430.7716,2.6921989418961845,2.1773149911994416
2024-07-15,64724.14,38690.9782,3483.39,314296.8452,6.457837119729937,7.343732666066782
2024-07-16,65043.99,42530.52915,3444.13,376128.7869,0.49417419837483045,-1.1270630047166663
2024-07-17,64087.99,29567.52954,3387.05,297812.5162,-1.4697745325894074,-1.6573125869232541
2024-07-18,63987.92,22568.7225,3426.5,241950.3457,-0.1561447004345129,1.1647303700860645
2024-07-19,66660.0,35634.72739,3503.53,299511.6422,4.1759132036171875,2.2480665402013766
2024-07-20,67139.96,14386.92434,3517.5,147510.8165,0.7200120012001321,0.3987406986667663
2024-07-21,68165.34,21819.11191,3535.92,218890.9656,1.5272276003738927,0.5236673773987288
2024-07-22,67532.01,21451.04303,3439.6,207859.5043,-0.9291085469536275,-2.724043530396625
2024-07-23,65936.01,31406.15316,3482.51,500568.7811,-2.3633237038257815,1.2475287824165626
2024-07-24,65376.0,23082.56277,3335.81,275479.0506,-0.849323457697837,-4.212478930426622
2024-07-25,65799.95,35126.42934,3175.48,494282.6398,0.6484795643661334,-4.806328897629064
2024-07-26,67907.99,24244.36023,3274.61,260237.4641,3.20371064111753,3.1217327774068826
2024-07-27,67896.5,31710.21921,3249.01,231991.9037,-0.016919953012906053,-0.7817724858838138
2024-07-28,68249.88,10868.69394,3270.16,103529.8329,0.5204686544961978,0.650967525492363
2024-07-29,66784.69,36467.29633,3317.66,318471.5055,-2.146802309396001,1.4525283166572978
2024-07-30,66188.0,23132.25441,3279.21,197277.1641,-0.8934532749946156,-1.1589493799846862
2024-07-31,64628.0,22625.43905,3232.74,233711.3352,-2.3569227050220576,-1.4171096087167379
2024-08-01,65354.02,35542.26854,3203.4,323285.6105,1.1233830537847433,-0.9075892277139452
2024-08-02,61498.33,38820.42937,2989.61,385704.0395,-5.899698289408972,-6.6738465380533185
2024-08-03,60697.99,28034.71567,2903.64,344595.3157,-1.3014011925201907,-2.8756259177618593
2024-08-04,58161.0,31616.52003,2688.92,512064.2612,-4.179693594466638,-7.39485611163918
2024-08-05,54018.81,162065.59186,2419.59,2670604.1003,-7.121937380719046,-10.016289067729788
2024-08-06,56022.01,55884.77676,2461.33,642283.8038,3.708337891930613,1.7250856550076632
2024-08-07,55134.16,44269.37684,2342.8,630115.4228,-1.5848235363208119,-4.815689078668839
2024-08-08,61685.99,48349.52949,2682.5,586502.8754,11.883431252058596,14.499743896192573
2024-08-09,60837.99,30972.48017,2598.78,406739.9611,-1.3747043696631933,-3.1209692451071636
2024-08-10,60923.51,9995.20621,2609.92,171012.3619,0.14057006156844576,0.4286626801806914
2024-08-11,58712.59,19189.84512,2555.38,297098.9145,-3.629009556409346,-2.0897192251103425
2024-08-12,59346.64,37009.91743,2722.3,483414.2506,1.07992169992841,6.532100900844506
2024-08-13,60587.15,27858.95851,2702.44,325668.6964,2.090278404977952,-0.7295301766888307
2024-08-14,58683.39,28422.76326,2661.45,338808.7141,-3.1421844400999266,-1.5167774307662807
2024-08-15,57541.06,37686.17622,2569.89,356546.8059,-1.9465985179111134,-3.4402299498393685
2024-08-16,58874.6,27610.84344,2592.73,270684.1373,2.3175450712934476,0.8887539933615907
2024-08-17,59491.99,7721.72931,2614.51,89348.676,1.0486525598475405,0.8400411921025475
2024-08-18,58427.35,13634.85717,2612.15,174074.0585,-1.7895518371464747,-0.09026547995609757
2024-08-19,59438.5,22809.31251,2636.36,224867.1336,1.7306107499313272,0.9268227322320799
2024-08-20,59013.8,31477.44548,2572.82,281315.8751,-0.7145200501358473,-2.4101412553672485
2024-08-21,61156.03,27983.6422,2630.71,245286.6218,3.630049242719502,2.2500602451784424
2024-08-22,60375.84,21241.20588,2622.88,199063.1196,-1.2757368324922358,-0.2976382801601063
2024-08-23,64037.24,38118.07089,2762.48,401786.4447,6.064346268308651,5.322393704630013
2024-08-24,64157.01,15857.15616,2768.0,263542.9441,0.18703179587378216,0.19982045118878133
2024-08-25,64220.0,12305.47977,2746.13,154527.2352,0.09818100937060148,-0.790101156069356
2024-08-26,62834.0,19470.05276,2680.49,211708.1247,-2.1582061663033336,-2.3902728567110954
2024-08-27,59415.0,35135.94178,2457.33,412660.7197,-5.4413215774899,-8.325343500628613
2024-08-28,59034.9,36868.54275,2528.33,451266.634,-0.6397374400403888,2.8893148254406142
2024-08-29,59359.01,27020.90743,2527.61,237002.9632,0.54901422717748,-0.028477295289763838
2024-08-30,59123.99,28519.32195,2526.0,338379.1941,-0.3959297838693754,-0.06369653546235421
2024-08-31,58973.99,8798.409,2513.01,97946.1147,-0.2537041224721093,-0.5142517814726744
2024-09-01,57301.86,20705.15741,2425.72,223127.776,-2.8353686091105557,-3.4735237822372533
2024-09-02,59132.13,22895.01461,2538.01,262632.8385,3.194084799341579,4.629141038537021
2024-09-03,57487.73,22828.18447,2425.29,224793.1299,-2.78089086254798,-4.441274857073074
2024-09-04,57970.9,35560.82146,2450.71,384179.3854,0.8404750022309004,1.0481220802460722
2024-09-05,56180.0,27806.91413,2368.81,278549.0969,-3.0893086013844884,-3.3418886771588663
2024-09-06,53962.97,54447.76826,2225.23,643027.111,-3.9462976148095352,-6.061271271229007
2024-09-07,54160.86,16694.04774,2273.58,219453.2076,0.366714433990567,2.1728091028792473
2024-09-08,54869.95,16274.14779,2297.3,192775.6493,1.3092295801802267,1.0432885581330043
2024-09-09,57042.0,32384.51737,2359.5,321698.99,3.958541970605056,2.707526226439727
2024-09-10,57635.99,23626.78126,2388.52,224382.1729,1.0413204305599333,1.2299215935579477
2024-09-11,57338.0,33026.56757,2340.55,282898.3125,-0.5170207018218909,-2.00835663925778
2024-09-12,58132.32,31074.40631,2361.76,202611.1308,1.385329101119681,0.9061972613274571
2024-09-13,60498.0,29825.23333,2439.19,253888.616,4.069474605520651,3.278487229862459
2024-09-14,59993.03,12137.90901,2417.79,122931.2302,-0.8346887500413236,-0.8773404285849051
2024-09-15,59132.0,13757.92361,2316.1,174364.1946,-1.4352167243428138,-4.205907047344892
2024-09-16,58213.99,26477.5642,2295.68,330555.232,-1.552475816816612,-0.8816545054185942
2024-09-17,60313.99,33116.25878,2341.8,274206.2588,3.607380287796791,2.008990800111521
2024-09-18,61759.99,36087.02469,2374.75,292917.6008,2.3974537250810224,1.4070373217183185
2024-09-19,62947.99,34332.52608,2465.21,326746.032,1.9235754409934414,3.8092430782187714
2024-09-20,63201.05,25466.37794,2561.4,340754.5912,0.40201442492446837,3.901898824035288
2024-09-21,63348.96,8375.34608,2612.4,154757.8773,0.23403092195461994,1.99109861794331
2024-09-22,63578.76,14242.19892,2581.0,214266.3257,0.3627526008319615,-1.201959883631909
2024-09-23,63339.99,24078.05287,2646.97,333282.0149,-0.37554994781276996,2.555986051917847
2024-09-24,64262.7,23185.04759,2653.2,288600.0402,1.4567574134444872,0.2353634533069915
2024-09-25,63152.01,17813.11168,2579.95,220343.4293,-1.7283587524333677,-2.760817126488768
2024-09-26,65173.99,28373.30593,2632.26,278686.3573,3.2017666579416737,2.0275586736177242
2024-09-27,65769.95,22048.80487,2694.43,281826.9792,0.9144138635673427,2.3618487535425725
2024-09-28,65858.0,9127.23316,2675.21,137230.0342,0.13387572896133015,-0.7133234116306508
2024-09-29,65602.01,8337.74111,2657.62,160554.3146,-0.3886999301527583,-0.657518475185126
2024-09-30,63327.59,30011.08752,2602.23,282475.7961,-3.466997428889751,-2.0841956336872802
2024-10-01,60805.78,43671.48108,2447.79,502828.6804,-3.9821663827725007,-5.934909673626088
2024-10-02,60649.28,31534.70118,2364.1,317484.735,-0.2573768480562233,-3.419002447105346
2024-10-03,60752.71,26221.43472,2349.8,314635.9263,0.1705378860227258,-0.6048813501966843
2024-10-04,62086.0,21294.65994,2414.41,239383.017,2.1946181495442696,2.7495957102732005
2024-10-05,62058.0,7807.46141,2414.66,103740.2316,-0.045098734014104025,0.010354496543674152
2024-10-06,62819.91,8906.86177,2440.03,105752.7096,1.2277385671468632,1.050665518126781
2024-10-07,62224.0,25966.1852,2422.71,300459.5407,-0.9486005312646983,-0.7098273381884734
2024-10-08,62160.49,19702.22371,2440.89,201358.3312,-0.10206672666495109,0.7503993461867031
2024-10-09,60636.02,20011.15684,2370.47,242082.2725,-2.452474232426416,-2.8850132533625117
2024-10-10,60326.39,23967.92481,2386.49,257862.9619,-0.5106370767738344,0.6758153446362991
2024-10-11,62540.0,23641.35209,2439.5,235441.2197,3.6693891346722296,2.2212538078936195
2024-10-12,63206.22,10911.30116,2476.4,139637.5062,1.0652702270546932,1.5126050420168013
2024-10-13,62870.02,11909.21995,2468.91,120022.8179,-0.5319096759781039,-0.30245517686965373
2024-10-14,66083.99,37669.95222,2629.79,435900.1619,5.112086810215755,6.516235909773949
2024-10-15,67074.14,43683.95423,2607.41,416285.6663,1.4983205463229288,-0.8510185223915223
2024-10-16,67620.01,29938.25544,2611.1,260322.4242,0.8138307848598592,0.14151974564797776
2024-10-17,67421.78,25328.22861,2605.8,221624.5434,-0.29315286998625734,-0.20297958714716735
2024-10-18,68428.0,28725.635,2642.17,292444.1153,1.4924257413553965,1.3957325965154643
2024-10-19,68378.0,8193.66737,2648.2,105413.7646,-0.0730695037119311,0.22822149975207928
2024-10-20,69031.99,12442.47378,2746.91,256910.7448,0.956433355757702,3.727437504720199
2024-10-21,67377.5,31374.42184,2666.7,310674.7232,-2.3967004283086846,-2.9200083002355437
2024-10-22,67426.0,24598.96268,2622.81,265747.713,0.07198248673518926,-1.6458544268196595
2024-10-23,66668.65,25530.2407,2524.61,352647.7086,-1.1232313944175898,-3.744076010080788
2024-10-24,68198.28,22589.83877,2535.82,290851.7842,2.294376742291915,0.44402897873334624
2024-10-25,66698.33,34479.71125,2440.62,514799.8822,-2.199395644582236,-3.7542096836526317
2024-10-26,67092.76,11842.9077,2482.51,248724.8313,0.5913641316056761,1.7163671526087665
2024-10-27,68021.7,8653.19592,2507.8,137580.8836,1.384560718623007,1.0187270141912785
2024-10-28,69962.21,29046.75459,2567.48,360605.327,2.8527808037729363,2.379775101682746
2024-10-29,72736.42,50128.60594,2638.8,451915.7025,3.965297837218107,2.777821054107532
2024-10-30,72344.74,26885.99056,2659.19,460627.126,-0.538492271134583,0.772699711990299
2024-10-31,70292.01,29352.10297,2518.61,403427.2017,-2.8374281253896405,-5.286572226881114
2024-11-01,69496.01,38301.86755,2511.49,430249.1073,-1.1324188908526045,-0.28269561385051434
2024-11-02,69374.74,10521.67243,2494.23,145961.13,-0.17449922664622974,-0.6872414383493397
2024-11-03,68775.99,24995.70243,2457.73,276009.1197,-0.8630662976178316,-1.4633774752127904
2024-11-04,67850.01,29800.39187,2398.21,306316.9645,-1.346371022794457,-2.4217468965264666
2024-11-05,69372.01,33355.06888,2422.55,331619.2545,2.2431831623900944,1.0149236305411202
2024-11-06,75571.99,104126.994787,2721.87,1002141.3618,8.93729329739763,12.355575736310897
2024-11-07,75857.89,44869.422345,2895.47,730845.9524,0.37831476979763856,6.377968088115882
2024-11-08,76509.78,36521.099583,2961.75,568864.435,0.8593568843003663,2.2890929624551415
2024-11-09,76677.46,16942.07915,3126.21,526719.4212,0.21916152418686163,5.552798176753604
2024-11-10,80370.01,61830.100435,3183.21,865536.7322,4.815691599591321,1.8232940205552328
2024-11-11,88647.99,82323.665776,3371.59,1000093.9664,10.299836966550103,5.9179256159662685
2024-11-12,87952.01,97299.887911,3243.8,973215.7285,-0.785105223479976,-3.7901998760228817
2024-11-13,90375.2,86763.854127,3187.16,919686.3747,2.755127483726638,-1.7461002527899505
2024-11-14,87325.59,56729.51086,3058.82,605780.6662,-3.374388106471693,-4.026782464639355
2024-11-15,91032.07,47927.95068,3090.01,519623.6317,4.244437398018164,1.019674253470293
2024-11-16,90586.92,22717.87689,3132.87,423639.1573,-0.4890034907478302,1.3870505273445577
2024-11-17,89855.99,23867.55609,3076.0,449818.9575,-0.8068824947354392,-1.815268427990946
2024-11-18,90464.08,46545.03448,3207.8,640658.4357,0.6767384122082332,4.284785435630689
2024-11-19,92310.79,43660.04682,3107.44,500112.0194,2.0413737695668788,-3.1286239790510706
2024-11-20,94286.56,42203.198712,3069.97,503607.8336,2.140345673566446,-1.2058157196921049
2024-11-21,98317.12,69228.360477,3355.81,974923.3035,4.274798019993509,9.310840171076595
2024-11-22,98892.0,46189.309243,3327.78,603273.7093,0.5847201382628064,-0.8352677892967675
2024-11-23,97672.4,24757.84367,3393.91,721024.0009,-1.2332645714516866,1.9872106930145517
2024-11-24,97900.04,31200.97838,3361.2,479098.0921,0.23306481667286771,-0.963785132781958
2024-11-25,93010.01,50847.45096,3414.49,949330.37,-4.994921350389636,1.5854456741639877
2024-11-26,91965.16,57858.73138,3324.73,672367.1503,-1.1233737099909935,-2.628796687060142
2024-11-27,95863.11,41153.42734,3653.28,754573.6485,4.238507278190995,9.882005456082155
2024-11-28,95643.98,28814.54357,3578.79,560976.425,-0.22858636653870779,-2.0389896202864355
2024-11-29,97460.0,27701.78231,3592.21,425493.2449,1.8987290156683212,0.374987076637634
2024-11-30,96407.99,14503.83306,3703.6,503684.7485,-1.0794274574184248,3.100876619128612
2024-12-01,97185.18,16938.60452,3707.61,429089.2633,0.8061468764155144,0.10827303164488988
2024-12-02,95840.62,37958.66981,3643.42,737130.569,-1.383503122595442,-1.7313039936778685
2024-12-03,95849.69,35827.32283,3614.51,678400.2032,0.009463628261174861,-0.7934852418881144
2024-12-04,98587.32,43850.53728,3837.8,968744.0399,2.8561699051921963,6.177600836627928
2024-12-05,96945.63,109921.729662,3785.2,946493.276,-1.6652141472148774,-1.3705768930116324
2024-12-06,99740.84,45049.5331,3998.87,803855.1146,2.8832759145512643,5.644880059177848
2024-12-07,99831.99,14931.9459,3996.22,283920.02,0.09138683812970338,-0.06626872091366476
2024-12-08,101109.59,14612.99688,4004.15,251362.1685,1.2797501081567075,0.19843752345967136
2024-12-09,97276.47,53949.11595,3712.0,939642.2001,-3.7910548346600903,-7.29618021302898
2024-12-10,96593.0,51708.68933,3628.25,942206.0337,-0.7026056763778543,-2.2561961206896575
2024-12-11,101125.0,37753.78291,3831.81,461818.7801,4.691851376393741,5.610418245710735
2024-12-12,100004.29,29232.08745,3881.61,572098.6343,-1.1082422744128628,1.299646903160645
2024-12-13,101424.25,21904.03923,3906.8,387765.6873,1.4198990863292016,0.6489575202042408
2024-12-14,101420.0,14191.70326,3870.29,265538.9479,-0.00419031937628489,-0.9345244189618129
2024-12-15,104463.99,22228.921775,3959.09,253833.2141,3.0013705383553635,2.2944017114996607
2024-12-16,106058.66,41302.40274,3986.24,673351.0723,1.526526030644626,0.6857636477069162
2024-12-17,106133.74,29064.936466,3893.01,450825.9861,0.07079101319968917,-2.338795456369902
2024-12-18,100204.01,50307.99755,3626.8,722505.0618,-5.5870357531921595,-6.838153511036449
2024-12-19,97461.86,55147.398,3417.01,1078153.4851,-2.7365671293993032,-5.784438072129705
2024-12-20,97805.44,62884.1357,3472.21,1332783.731,0.3525276451731951,1.6154474233320837
2024-12-21,97291.99,23483.54143,3338.92,475275.82,-0.5249707991702657,-3.8387655124546005
2024-12-22,95186.27,19353.83036,3281.83,361920.2495,-2.164330280426996,-1.7098343176835673
2024-12-23,94881.47,32810.76703,3422.53,488253.41,-0.3202142493870186,4.287242178906281
2024-12-24,98663.58,23674.22488,3493.18,315723.6763,3.986141867321402,2.06426240237485
2024-12-25,99429.6,14474.1651,3497.0,219846.0452,0.7763959102234042,0.10935594501286783
2024-12-26,95791.6,21192.36727,3335.05,310170.1719,-3.658870195595676,-4.631112382041747
2024-12-27,94299.03,26501.26429,3333.51,342529.6038,-1.558142885179914,-0.046176219247084926
2024-12-28,95300.0,8385.8929,3404.0,175963.613,1.061484937862045,2.1145879268398726
2024-12-29,93738.2,13576.00578,3356.48,156256.8819,-1.638824763903468,-1.3960047003525267
2024-12-30,92792.05,27619.4225,3361.84,420794.6476,-1.0093537106537043,0.15969110496711902
2024-12-31,93576.0,19612.03389,3337.78,303053.1685,0.8448460832582105,-0.7156795088403944
2025-01-01,94591.79,10373.32613,3360.38,190238.5861,1.085524065999821,0.6770967529315941
2025-01-02,96984.79,21970.48948,3455.67,338632.8874,2.5298178626284695,2.8356912015902846
2025-01-03,98174.18,15253.82936,3609.01,334041.0604,1.2263675572221189,4.4373450011141236
2025-01-04,98220.5,8990.05651,3656.88,229266.3133,0.04718144831972193,1.326402531442139
2025-01-05,98363.61,8095.63723,3635.99,155444.1741,0.14570278098766654,-0.5712519962372431
2025-01-06,102235.6,25263.43375,3687.45,329642.3648,3.9364049367443865,1.4152954216045677
2025-01-07,96954.61,32059.87537,3381.31,541543.2874,-5.165509861535522,-8.302214267312092
2025-01-08,95060.61,33704.67894,3327.29,584749.9627,-1.953491432743626,-1.597605661710988
2025-01-09,92552.49,34544.83685,3219.2,501818.4247,-2.6384429891623817,-3.2485896931136238
2025-01-10,94726.11,31482.86424,3267.04,454142.1333,2.348526765730452,1.4860834990059635
2025-01-11,94599.99,7047.9043,3282.83,151679.7487,-0.13314174940783907,0.4833121112689076
2025-01-12,94545.06,8606.86622,3267.3,164879.9709,-0.058065545250063355,-0.4730674448570227
2025-01-13,94536.1,42619.56423,3137.51,845907.5669,-0.009476962625010188,-3.9723931074587604
2025-01-14,96560.86,27846.61753,3225.63,374308.4517,2.1417849900725594,2.808596625986848
2025-01-15,100497.35,30509.99179,3451.52,464188.034,4.076693186038316,7.002973062626516
2025-01-16,99987.3,27832.85317,3308.05,471282.6787,-0.5075258203325772,-4.156719358427585
2025-01-17,104077.48,39171.85292,3473.63,518550.1813,4.090699518838892,5.005365698825592
2025-01-18,104556.23,24307.82998,3307.71,634197.1281,0.45999384304846735,-4.7765593917602045
2025-01-19,101331.57,43397.28298,3215.12,1342301.5217,-3.0841395103859304,-2.7992175855803603
2025-01-20,102260.01,89529.231732,3284.0,1158354.7814,0.9162396279856155,2.1423772674114883
2025-01-21,106143.82,45941.02002,3327.54,548706.0513,3.7979753766892888,1.325822168087698
2025-01-22,103706.66,22248.69254,3242.6,349240.7498,-2.2960922265658046,-2.552636482206072
2025-01-23,103910.34,53953.12031,3338.21,605592.7225,0.19640011547956693,2.9485597976932176
2025-01-24,104870.5,23609.24017,3310.09,451524.2752,0.9240273874573157,-0.8423676161775306
2025-01-25,104746.85,9068.32377,3318.77,208559.0415,-0.11790732379457491,0.2622285194662233
2025-01-26,102620.0,9812.51238,3232.61,272165.469,-2.0304667873067395,-2.596142546786906
2025-01-27,102082.83,50758.1341,3182.44,753004.7529,-0.523455466770606,-1.55199668379421
2025-01-28,101335.52,22022.05765,3077.72,350959.7173,-0.7320623850259667,-3.2905569311597493
2025-01-29,103733.24,23155.35802,3113.9,409737.2576,2.3661199942527578,1.1755455337067788
2025-01-30,104722.94,19374.07472,3247.39,350639.4823,0.954081835292131,4.286907093997883
2025-01-31,102429.56,21983.18193,3300.99,648681.6561,-2.1899499765762886,1.6505562928998296
2025-02-01,100635.65,12290.95747,3117.54,354065.2525,-1.751359666096397,-5.5574236819863065
2025-02-02,97700.59,34619.49939,2869.68,1050805.93,-2.9165211334154395,-7.950499432244662
2025-02-03,101328.52,75164.7385,2879.9,2807979.021,3.713314320824468,0.3561372696607279
2025-02-04,97763.13,40267.98697,2731.19,1259594.3919,-3.5186441092794007,-5.163720962533425
2025-02-05,96612.43,26233.30444,2788.25,686593.0429,-1.1770285996367091,2.0891992135296356
2025-02-06,96554.35,23515.20405,2686.64,719459.9571,-0.060116488116479516,-3.6442212857527134
2025-02-07,96506.8,31794.22065,2622.1,695467.3612,-0.04924687494659574,-2.4022570943632138
2025-02-08,96444.74,10147.24294,2632.46,379685.1509,-0.06430634939713631,0.3951031615880396
2025-02-09,96462.75,14120.91613,2627.18,387166.7911,0.018673905907151678,-0.20057284821042298
2025-02-10,97430.82,20572.87537,2661.19,398173.2716,1.0035687350816946,1.2945439596830255
2025-02-11,95778.2,18647.76379,2602.59,484196.1435,-1.6961983897908373,-2.2020224035112057
2025-02-12,97869.99,29151.16625,2738.27,646295.8959,2.1839938524633062,5.213268321172371
2025-02-13,96608.14,19921.77616,2675.87,443769.2853,-1.28931248485874,-2.2788110741453593
2025-02-14,97500.48,18173.02646,2725.95,419895.7862,0.9236695789816451,1.871540844659858
2025-02-15,97569.66,7349.37683,2693.04,202971.4295,0.07095349684433927,-1.2072855334837373
2025-02-16,96118.12,8191.4249,2661.41,191231.5314,-1.4876960727340904,-1.1745091049520262
2025-02-17,95780.0,16492.0451,2744.05,639739.8197,-0.35177550289164916,3.105120969711561
2025-02-18,95671.74,23368.19471,2671.99,604863.8737,-0.11302986009604776,-2.6260454437783687
2025-02-19,96644.37,16438.50954,2715.5,326154.0202,1.016632497746972,1.628374357688478
2025-02-20,98305.0,17057.39177,2738.04,336735.2544,1.7182894357943512,0.8300497146013663
2025-02-21,96181.98,32249.2814,2663.0,890440.0604,-2.159625654849706,-2.740646593913898
2025-02-22,96551.01,11268.17708,2763.22,444989.6669,0.38367893861199764,3.7634247089748385
2025-02-23,96258.0,10884.84913,2819.69,611002.1222,-0.3034768875022631,2.043630257453266
2025-02-24,91552.88,31550.10299,2513.52,876876.3707,-4.888030085811046,-10.858285839932758
2025-02-25,88680.4,78333.11111,2495.7,1322016.8718,-3.1375091641027697,-0.7089659123460379
2025-02-26,84250.09,56893.54409,2336.37,863087.2133,-4.995816437454048,-6.384180790960448
2025-02-27,84708.58,42505.45439,2307.72,637583.9106,0.5442011990729023,-1.2262612514285065
2025-02-28,84349.94,83648.03969,2237.59,1291539.0557,-0.42338096093689215,-3.038930199504253
2025-03-01,86064.53,25785.05464,2217.39,446430.7271,2.032710396711601,-0.9027569840766247
2025-03-02,94270.0,54889.09045,2518.11,1266684.7748,9.53409029248171,13.56189033052373
2025-03-03,86220.61,59171.10218,2149.01,1109565.2003,-8.538654927336376,-14.657818760896069
2025-03-04,87281.98,55609.10706,2171.51,1257822.3372,1.2309933784973248,1.0469937319975253
2025-03-05,90606.01,38264.01163,2241.59,687130.7897,3.8083806073143656,3.227247399275157
2025-03-06,89931.89,34342.44902,2202.2,596908.3935,-0.7440124556858829,-1.757234819926945
2025-03-07,86801.75,57980.35713,2141.6,782387.2606,-3.4805673493573885,-2.7517936608845606
2025-03-08,86222.45,12989.23054,2203.58,328793.0979,-0.6673828580645025,2.8940978707508336
2025-03-09,80734.37,26115.39345,2020.41,601671.5882,-6.365024422293731,-8.312382577442158
2025-03-10,78595.86,47633.38405,1865.1,1248745.3514,-2.648822304552567,-7.687053617830053
2025-03-11,82932.99,48770.06853,1923.43,1171427.9995,5.5182677560879245,3.127446249530874
2025-03-12,83680.12,31933.986,1908.2,788739.6763,0.9008839546240877,-0.7918146228352518
2025-03-13,81115.78,27546.27412,1864.59,569537.2622,-3.0644554525017353,-2.285399853264869
2025-03-14,83983.2,26858.52755,1911.65,375805.7355,3.5349718636743743,2.5238792442306535
2025-03-15,84338.44,11324.7332,1937.17,209545.8675,0.42298935977671537,1.3349724060366608
2025-03-16,82574.53,17596.12531,1887.0,324766.6564,-2.091466240067996,-2.5898604665568925
2025-03-17,84010.03,17214.74358,1926.31,334840.4877,1.7384295133135996,2.0832008479067188
2025-03-18,82715.03,17610.89883,1931.54,332896.0155,-1.5414826063030795,0.27150354823470835
2025-03-19,86845.94,28151.05374,2056.06,691809.5034,4.994146771149088,6.446669496878132
2025-03-20,84223.39,22090.30463,1983.79,401518.9282,-3.0197727147636355,-3.51497524391311
2025-03-21,84088.79,11956.97443,1965.75,262641.659,-0.15981308755205204,-0.9093704474767983
2025-03-22,83840.59,5420.22114,1980.69,170782.9574,-0.29516419489445944,0.7600152613506328
2025-03-23,86082.5,8461.97813,2005.99,268707.5233,2.674015056430301,1.2773326467039325
2025-03-24,87498.16,30115.62111,2081.2,477912.8154,1.644538669299811,3.749270933553994
2025-03-25,87392.87,22643.25248,2066.15,328765.3292,-0.12033395902268929,-0.7231404958677579
2025-03-26,86909.17,18408.78485,2009.52,428975.3286,-0.5534776464029556,-2.740846501948069
2025-03-27,87232.01,17098.03897,2003.66,360634.8383,0.3714682811951864,-0.2916119272263984
2025-03-28,84424.38,27182.73169,1896.9,626167.5832,-3.21857767578666,-5.328249303774091
2025-03-29,82648.54,11696.39864,1828.08,409769.7555,-2.103468216171689,-3.6280246718329967
2025-03-30,82389.99,9864.49508,1807.74,327843.4476,-0.31283069247198814,-1.112642772745176
2025-03-31,82550.01,20569.13885,1822.43,497854.9052,0.19422262340362817,0.8126168586190419
2025-04-01,85158.34,20190.39697,1904.98,452989.0974,3.1596967704788925,4.529666434376067
2025-04-02,82516.29,39931.457,1795.22,750840.7823,-3.10251468030025,-5.761740280737859
2025-04-03,83213.09,27337.84135,1817.23,508075.018,0.8444393222235336,1.226033578057284
2025-04-04,83889.87,32915.53976,1816.87,572734.4702,0.813309540602325,-0.019810370729078652
2025-04-05,83537.99,9360.40468,1806.01,201716.2696,-0.4194546969735313,-0.597731263106327
2025-04-06,78430.0,27942.71436,1580.76,979847.0958,-6.1145713465215135,-12.472245447145912
2025-04-07,79163.24,78387.53089,1553.04,2168796.0067,0.9348973607038236,-1.7535868822591727
2025-04-08,76322.42,35317.32063,1473.41,891846.1327,-3.588559538492875,-5.127363107196203
2025-04-09,82615.22,75488.28772,1669.51,1968530.9138,8.24502158081466,13.3092621877142
2025-04-10,79607.3,33284.80718,1522.25,911855.3934,-3.6408787630172745,-8.820552138052484
2025-04-11,83423.84,34435.43797,1566.85,578484.3183,4.7942085713244875,2.929873542453598
2025-04-12,85276.9,18470.74437,1644.18,501867.9033,2.2212595344448305,4.935379902351866
2025-04-13,83760.0,24680.04181,1597.76,580136.6145,-1.7787935537056265,-2.823291853689991
2025-04-14,84591.58,28659.09348,1623.77,645930.1419,0.9928127984718316,1.6279040656919763
2025-04-15,83643.99,20910.99528,1588.78,476178.8915,-1.1201942320973268,-2.154861833880417
2025-04-16,84030.38,20867.24519,1577.14,611387.8686,0.46194592103987464,-0.7326376213194985
2025-04-17,84947.91,13728.84772,1583.62,449870.3628,1.0919027142326287,0.4108703095476507
2025-04-18,84474.69,6529.96315,1588.6,200409.0359,-0.5570707978571843,0.3144693802806131
2025-04-19,85077.01,9666.58153,1613.27,223096.3899,0.7130183016948566,1.5529396953292363
2025-04-20,85179.24,8091.67725,1587.36,276052.2306,0.12016172171542827,-1.6060547831423189
2025-04-21,87516.23,31773.37262,1579.57,691486.6667,2.743614523914495,-0.49075194032859315
2025-04-22,93442.99,43872.74705,1756.26,1103036.9586,6.7721838566400905,11.185955671480219
2025-04-23,93691.08,27404.16808,1795.07,887545.6316,0.26549878166355345,2.2098094815118374
2025-04-24,93980.47,19497.06071,1769.65,483465.0385,0.30887678955136,-1.4161007648726742
2025-04-25,94638.68,27500.66648,1784.6,595610.8894,0.7003689170739236,0.8447998191732697
2025-04-26,94628.0,9415.06875,1820.88,355068.0442,-0.01128502637609552,2.032948559901393
2025-04-27,93749.3,11162.841,1791.29,340332.6435,-0.9285835059390402,-1.625038442950666
2025-04-28,95011.18,22157.53351,1799.88,587269.743,1.3460153835815225,0.47954267594862987
2025-04-29,94256.82,16955.3402,1797.81,480456.3884,-0.7939697201950202,-0.1150076671778244
2025-04-30,94172.0,17661.2751,1793.61,473523.9877,-0.08998818334843284,-0.23361756804112233
2025-05-01,96489.91,21380.45343,1838.11,537198.7291,2.4613579407891883,2.481029878290153
2025-05-02,96887.14,14905.74811,1842.2,410667.875,0.4116803508263045,0.22251116636111679
2025-05-03,95856.42,9723.34838,1833.52,213751.5979,-1.0638357164841517,-0.47117576810336015
2025-05-04,94277.62,11036.38342,1808.86,238254.3564,-1.6470466975503584,-1.344953968323226
2025-05-05,94733.68,17251.18189,1820.19,342341.0078,0.48374152847727725,0.6263613546653835
2025-05-06,96834.02,16122.64513,1817.0,384584.2451,2.2170995574119168,-0.17525642927387342
2025-05-07,97030.5,16644.83854,1811.11,456170.0705,0.20290389679165077,-0.3241607044578987
2025-05-08,103261.6,34962.02847,2207.39,1473152.686,6.421795208723036,21.88050422116823
2025-05-09,102971.99,27617.39907,2345.04,1667041.0382,-0.2804624371499198,6.235871323146336
2025-05-10,104809.53,15324.78611,2583.23,979350.1606,1.7845046988020696,10.157182819909249
2025-05-11,104118.0,17987.12197,2514.57,831584.3888,-0.6597968715249425,-2.657912768123627
2025-05-12,102791.32,31272.77792,2495.47,1068680.9433,-1.274208110028996,-0.7595732073475969
2025-05-13,104103.72,21253.42409,2679.71,1031355.6465,1.2767615008738131,7.38297795605638
2025-05-14,103507.82,16452.9081,2609.74,830047.1122,-0.5724099004339123,-2.6111034402976574
2025-05-15,103763.71,17998.98604,2548.69,768954.0332,0.24721803627976158,-2.339313494830897
2025-05-16,103463.9,15683.88024,2537.12,605953.6919,-0.2889353127408567,-0.45395870035195296
2025-05-17,103126.65,11250.89622,2475.08,494333.2782,-0.325959102643536,-2.4452922999306237
2025-05-18,106454.26,21599.98726,2497.78,810103.1851,3.22672170578604,0.9171420721754586
2025-05-19,105573.74,30260.03524,2528.14,861747.523,-0.8271345834351629,1.215479345658932
2025-05-20,106849.99,23705.48275,2524.19,676989.1747,1.2088706907607882,-0.1562413473937263
2025-05-21,109643.99,45531.040345,2550.99,1095890.2902,2.614880918566298,1.0617267321398005
2025-05-22,111696.21,31630.77313,2664.82,852555.6669,1.8717122570968137,4.4621891892951515
2025-05-23,107318.3,31737.72309,2526.5,971442.4532,-3.919479452346686,-5.190594486682032
2025-05-24,107761.91,16782.53129,2530.4,257544.2344,0.4133591381898505,0.15436374431030409
2025-05-25,109004.19,17710.04695,2551.22,359890.0299,1.1528006509906819,0.8227948150489883
2025-05-26,109434.79,14649.11593,2563.7,362971.1182,0.39503068643507167,0.48917772673466864
2025-05-27,108938.17,21276.65635,2660.81,798430.8862,-0.4538044985511469,3.78788469789757
2025-05-28,107781.78,15633.78829,2681.6,560095.6833,-1.0615103962183348,0.7813410202156534
2025-05-29,105589.75,19834.70116,2631.39,811567.2545,-2.033766746104948,-1.8723896181384259
2025-05-30,103985.48,23706.49799,2531.34,763045.2564,-1.5193425498213675,-3.8021729960211026
2025-05-31,104591.88,11289.35922,2528.06,394537.2521,0.5831583409529939,-0.1295756397797332
2025-06-01,105642.93,9709.70006,2539.21,332021.7088,1.00490592577549,0.44104965863152046
2025-06-02,105857.99,13453.98813,2607.41,468889.9737,0.20357254385126033,2.6858747405689165
2025-06-03,105376.89,13259.52634,2593.36,454383.0439,-0.4544767948078454,-0.538848896030919
2025-06-04,104696.86,14034.89482,2607.68,502494.8214,-0.645331248625769,0.5521794120368906
2025-06-05,101508.68,22321.50154,2414.01,808938.0344,-3.0451534076571196,-7.426908209596251
2025-06-06,104288.44,15839.07385,2476.1,578843.4974,2.7384456186406947,2.572068881239087
2025-06-07,105552.15,8344.93206,2524.63,264787.6743,1.2117450409652175,1.9599369976980086
2025-06-08,105734.0,8048.06305,2509.83,266474.7139,0.17228450581063814,-0.5862245160677126
2025-06-09,110263.02,19975.37451,2680.13,568726.3025,4.2834093101556725,6.785320121283123
2025-06-10,110274.39,17071.82839,2816.4,1138405.4775,0.010311707406529536,5.084454858532972
2025-06-11,108645.12,13115.91638,2771.61,850210.9324,-1.4774690660270262,-1.5903280783979512
2025-06-12,105671.73,17778.67218,2642.65,699593.3757,-2.7367911232460296,-4.652891279797666
2025-06-13,106066.59,26180.81734,2579.19,1202176.2972,0.3736666372359032,-2.401377405256089
2025-06-14,105414.64,8798.93969,2530.76,331438.9278,-0.6146610351101089,-1.8777213000980897
2025-06-15,105594.01,7164.20047,2547.61,299701.6624,0.17015663099546607,0.6658078996032879
2025-06-16,106794.53,14922.6654,2544.17,680429.988,1.1369205507016922,-0.13502851692370754
2025-06-17,104551.17,17866.33025,2509.95,715930.4081,-2.100631933114927,-1.3450359056195293
2025-06-18,104886.78,13968.64167,2525.0,504532.1818,0.32100071190022117,0.5996135381183043
2025-06-19,104658.59,7678.60737,2521.12,252646.059,-0.21755839963816248,-0.15366336633664268
2025-06-20,103297.99,16419.06283,2406.49,632027.8235,-1.3000366238452021,-4.546788728818941
2025-06-21,102120.01,11154.21332,2295.73,496783.864,-1.1403706887229914,-4.602553927088826
2025-06-22,100963.87,28746.41072,2227.7,840155.8295,-1.132138549535977,-2.963327569008556
2025-06-23,105333.93,27666.50609,2411.66,744583.8003,4.3283404251441615,8.257844413520665
2025-06-24,106083.0,14651.69335,2448.45,516760.6621,0.7111383767794521,1.5255052536427227
2025-06-25,107340.58,16701.15551,2418.49,414894.7387,1.185467982617383,-1.2236312769303037
2025-06-26,106947.06,10573.27279,2415.96,463704.0261,-0.36660878858676416,-0.10461072818161998
2025-06-27,107047.59,12232.44042,2423.17,381474.766,0.09399977895605538,0.29843209324658115
2025-06-28,107296.79,3282.17352,2435.62,155814.9859,0.2327936574751499,0.5137897877573572
2025-06-29,108356.93,6831.7364,2500.09,284291.8057,0.9880444699230884,2.6469646332350827
2025-06-30,107146.5,9754.12491,2485.47,440455.714,-1.11707668351253,-0.5847789479578869
2025-07-01,105681.14,10505.62437,2405.01,351951.0868,-1.3676228341569674,-3.237214691788659
2025-07-02,108849.6,17691.89592,2570.41,634967.0337,2.998131927797143,6.877310281454108
2025-07-03,109584.78,13047.08225,2591.25,504943.6592,0.6754090047184302,0.8107655977062089
2025-07-04,107984.24,11793.86615,2508.04,452593.02,-1.4605495398174795,-3.2111915098890553
2025-07-05,108198.12,3736.9757,2516.41,157198.0958,0.19806593999271982,0.33372673482081616
2025-07-06,109203.84,6447.607,2570.35,277593.6319,0.9295170747883663,2.143529869933758
2025-07-07,108262.94,9405.37601,2542.29,315707.5272,-0.8615997386172469,-1.091680121384242
2025-07-08,108922.98,9216.0208,2615.25,370915.7321,0.6096638424931022,2.8698535572259765
2025-07-09,111233.99,17282.2865,2768.74,686119.3772,2.121691859697572,5.8690373769238136
2025-07-10,116010.0,24883.450665,2951.29,951896.07,4.293660597808269,6.593251804069733
2025-07-11,117527.66,25873.521148,2958.22,906839.1689,1.3082148090681978,0.23481257348481055
2025-07-12,117420.0,8446.60437,2943.28,348884.8877,-0.0916039679510372,-0.5050334322666883
2025-07-13,119086.64,9550.792947,2972.03,357333.5016,1.4193834099812674,0.9768013916446883
2025-07-14,119841.18,27269.348877,3013.62,815552.6496,0.6336059191862198,1.3993802215993778
2025-07-15,117758.09,32018.46083,3137.89,863583.7377,-1.738208852749945,4.123612134243859
2025-07-16,118630.43,17039.90851,3371.35,1135950.5831,0.7407898684498093,7.440031358651833
2025-07-17,119177.56,15728.57651,3476.87,974065.8264,0.4612054428193568,3.1299034511397483
2025-07-18,117924.84,19924.66266,3546.92,1163823.3977,-1.0511374792368633,2.0147431454152764
2025-07-19,117840.0,6635.80306,3592.01,381791.9213,-0.07194412983727583,1.2712437833387824
2025-07-20,117265.12,12962.92889,3756.69,852356.5533,-0.48784792939579047,4.584619753285768
2025-07-21,117380.36,17107.33128,3762.33,812074.0534,0.098273041463659,0.15013216421901898
2025-07-22,119954.42,20959.12973,3746.21,870127.3864,2.192922223104432,-0.4284578971009978
2025-07-23,118755.99,14558.75083,3628.29,800259.4025,-0.9990711471907332,-3.147714623579567
2025-07-24,118340.99,15806.89043,3706.94,749459.495,-0.34945605691132364,2.16768780885761
2025-07-25,117614.31,38406.34873,3724.96,764606.7261,-0.6140560426273312,0.4861152325098317
2025-07-26,117919.99,6991.67206,3741.1,407259.7024,0.25990034716014687,0.4332932434173653
2025-07-27,119415.55,9328.30919,3872.1,457352.4605,1.268283689644134,3.501643901526297
2025-07-28,118062.32,13961.74754,3799.0,620994.7463,-1.1332108758030257,-1.887864466310274
2025-07-29,117950.76,15137.93445,3793.79,584210.4393,-0.09449246804570377,-0.1371413529876242
2025-07-30,117840.3,15586.73631,3810.0,525424.9003,-0.0936492482117024,0.4272772082798415
2025-07-31,115764.08,17010.0073,3698.39,516088.4503,-1.7618930026484958,-2.9293963254593214
2025-08-01,113297.93,24487.10206,3488.2,783869.1517,-2.130324017605467,-5.683283807278306
2025-08-02,112546.35,11507.33428,3393.94,494195.7094,-0.663366047376146,-2.7022533111633495
2025-08-03,114208.8,7397.76046,3496.74,296347.6758,1.4771247579330682,3.02892803054855
2025-08-04,115055.03,9667.67916,3720.99,463349.9861,0.740949909288946,6.413116216819104
2025-08-05,114129.75,12042.79078,3612.0,489070.9589,-0.8042064740672372,-2.9290592019865613
2025-08-06,114992.27,9761.15318,3683.31,365309.9205,0.7557363439418818,1.9742524916943616
2025-08-07,117472.01,13468.56263,3910.31,631678.9872,2.1564406024856986,6.162934968818812
2025-08-08,116674.74,10045.31278,4009.5,723300.0109,-0.6786893320374743,2.5366275308095876
2025-08-09,116462.25,9514.13144,4260.62,691932.1048,-0.18212168289383213,6.263125077939891
2025-08-10,119294.01,14322.77073,4250.57,494843.8105,2.4314831629991707,-0.23588116283546068
2025-08-11,118686.0,26494.33429,4223.22,722664.04,-0.5096735368355865,-0.6434431146881359
2025-08-12,120134.08,16720.10893,4590.52,885288.0652,1.2200933555769122,8.697155251206423
2025-08-13,123306.43,23210.07102,4749.3,925931.4988,2.640674486373884,3.4588674049998547
2025-08-14,118295.09,27980.947586,4546.84,1265449.0453,-4.06413517932519,-4.262944012801883
2025-08-15,117342.05,13623.33874,4439.47,880409.2591,-0.8056462867562786,-2.3614202391111117
2025-08-16,117380.66,6393.68117,4421.99,358676.5884,0.0329038055837616,-0.39374069427207115
2025-08-17,117405.01,5898.64192,4472.33,442461.3829,0.02074447357851561,1.1384014889224137
2025-08-18,116227.05,17745.93954,4312.99,823188.1269,-1.0033302667407429,-3.562796126403911
2025-08-19,112872.94,18065.47424,4075.59,831222.7951,-2.8858256318128994,-5.504302119875071
2025-08-20,114271.24,15636.34194,4336.16,728324.8933,1.2388265956393196,6.393430153670998
2025-08-21,112500.0,10839.69235,4225.3,433836.3992,-1.550031311465605,-2.5566399763846226
2025-08-22,116935.99,23128.09037,4832.07,1277976.63526,3.943102222222228,14.360400444938804
2025-08-23,115438.05,11329.36197,4778.4,512442.0888,-1.2809914210329953,-1.1107041081772406
2025-08-24,113493.59,21175.98462,4780.15,780668.77842,-1.684418612407268,0.0366231374518744
2025-08-25,110111.98,25182.79379,4376.18,1043917.1659,-2.9795603434519924,-8.45099003169355
2025-08-26,111763.22,18452.43877,4600.63,834750.2767,1.499600679235824,5.128902376044864
2025-08-27,111262.01,13392.60875,4506.71,606669.3611,-0.44845701474958144,-2.0414595392370227
2025-08-28,112566.9,11104.27744,4511.21,485243.4027,1.1728082208833035,0.09985111089907406
2025-08-29,108377.4,22580.31045,4360.18,679063.8777,-3.7217867774629987,-3.3478822754870574
2025-08-30,108816.33,10708.39159,4373.7,340319.1826,0.40500141173345217,0.3100789416950578
2025-08-31,108246.35,9489.51596,4391.83,356586.1861,-0.5238000583184466,0.4145231725998677
2025-09-01,109237.42,16053.60219,4314.5,513830.0395,0.9155689776144893,-1.7607694286891795
2025-09-02,111240.01,18510.28756,4326.5,524605.0512,1.8332454208457083,0.2781318808668498
2025-09-03,111705.71,11773.72084,4450.46,487091.6861,0.4186443348935365,2.8651334797180184
2025-09-04,110730.87,12203.13536,4297.55,471795.7096,-0.8726859173089796,-3.4358246113884827
2025-09-05,110659.99,21587.40888,4307.45,624169.8754,-0.06401105671796081,0.23036381193934918
2025-09-06,110187.97,5000.29897,4273.14,191166.0686,-0.4265498307021387,-0.7965269474979331
2025-09-07,111137.34,5681.29944,4306.19,169620.8372,0.8615913334277803,0.7734359276784675
2025-09-08,112065.23,11582.40211,4306.37,372882.4355,0.8349039125823854,0.004180029213762815
2025-09-09,111546.39,15379.28248,4310.09,405485.7821,-0.46298035528057335,0.0863836595555112
2025-09-10,113960.0,17517.41823,4349.32,506633.9098,2.163772399985331,0.9101898104215911
2025-09-11,115482.69,13676.73119,4458.82,441259.6649,1.3361618111618068,2.5176349406343945
2025-09-12,116029.42,15324.10719,4712.16,510777.5402,0.47343026041390956,5.681772307471489
2025-09-13,115918.29,8269.40394,4666.53,394393.6869,-0.09577743299932218,-0.9683457268004458
2025-09-14,115268.01,6707.60197,4604.49,278244.3205,-0.5609813602322822,-1.3294675058341032
2025-09-15,115349.71,13212.51149,4523.74,412291.9687,0.0708782948538822,-1.753722996466489
2025-09-16,116788.96,10926.9094,4501.29,293307.1099,1.2477274541912609,-0.49627078479310693
2025-09-17,116447.59,16754.2454,4590.53,476981.4561,-0.29229646363835293,1.9825427821802188
2025-09-18,117073.53,11657.23365,4587.66,290660.377,0.5375293726559649,-0.0625200140288773
2025-09-19,115632.38,8992.09065,4468.59,331611.1482,-1.230978514101344,-2.5954408129634676
2025-09-20,115685.63,4674.92752,4480.42,130781.913,0.04605111474831336,0.2647367514137633
2025-09-21,115232.29,4511.52219,4444.97,149349.8262,-0.39187235268547393,-0.7912204659384581
2025-09-22,112650.99,20781.71356,4199.08,708243.2348,-2.2400839209218093,-5.531870856271248
2025-09-23,111998.8,12301.3203,4164.26,315227.9057,-0.5789474198140687,-0.8292292597426032
2025-09-24,113307.0,12369.25967,4152.81,353665.5671,1.1680482290881589,-0.27495881621224516
2025-09-25,108994.49,21231.14957,3874.36,930327.6951,-3.806040226993912,-6.705098475490101
2025-09-26,109643.46,14243.01591,4032.24,575711.0859,0.5954154196235129,4.0749956121785225
2025-09-27,109635.85,5501.78643,4018.38,172693.2638,-0.006940678449951498,-0.3437295399083329
2025-09-28,112163.95,7542.3316,4142.16,240331.8589,2.305906325348861,3.0803458109984527
2025-09-29,114311.96,15541.12005,4215.07,380728.6784,1.915062727373651,1.7601927496764924
2025-09-30,114048.93,15044.15633,4145.15,391126.6172,-0.2300984079006363,-1.6588099367270348
2025-10-01,118594.99,20036.39516,4348.03,507026.3822,3.986061070454605,4.894394653993217
2025-10-02,120529.35,19670.83503,4484.35,526411.1571,1.631063841735636,3.135212958512268
2025-10-03,122232.0,23936.328,4512.87,485684.0267,1.4126434764644369,0.6359896083044214
2025-10-04,122391.0,8208.16678,4487.15,199732.7088,0.13008050265068682,-0.5699255684298521
2025-10-05,123482.31,22043.097553,4514.32,506587.9614,0.8916587003946264,0.6055068361877858
2025-10-06,124658.54,19494.628793,4684.01,456200.6528,0.9525493975614863,3.7589271473887687
2025-10-07,121332.95,21633.99385,4447.7,640685.9319,-2.667759465175834,-5.045036197617003
2025-10-08,123306.0,17012.618,4525.72,399904.3287,1.6261452474369165,1.754165074083236
2025-10-09,121662.4,21559.36007,4368.09,515978.1829,-1.3329440578722873,-3.4829817134069296
2025-10-10,112774.5,64171.93927,3829.72,1493971.0244,-7.305379476321361,-12.325066562273223
2025-10-11,110644.4,35448.51652,3746.79,789885.6582,-1.888813517240162,-2.165432459814287
2025-10-12,114958.8,32255.30272,4152.29,811308.152,3.899338782622541,10.822597476773455
2025-10-13,115166.0,22557.24033,4240.85,622813.9247,0.18023848543999854,2.13279900970309
2025-10-14,113028.14,31870.32974,4125.02,962996.7658,-1.8563291249153346,-2.731292075881009
2025-10-15,110763.28,22986.48811,3985.61,626081.6966,-2.0038018850880857,-3.3796199776001123
2025-10-16,108194.28,29857.17252,3894.51,643804.6163,-2.3193607123227156,-2.2857228880899028
2025-10-17,106431.68,37920.66838,3831.57,830127.0885,-1.6291064555353674,-1.6161211551645738
2025-10-18,107185.01,11123.18766,3889.21,250710.6121,0.7078061719969053,1.5043441722322637
2025-10-19,108642.78,15480.66423,3982.58,408538.2545,1.360050253295686,2.4007446242295893
2025-10-20,110532.09,19193.4416,3979.22,511382.3301,1.7390110967337113,-0.08436742011460607
2025-10-21,108297.67,37228.01659,3873.05,590594.1382,-2.02151248565009,-2.668110835791926
2025-10-22,107567.44,28610.78451,3805.53,593130.0905,-0.6742804346575482,-1.7433289009953445
2025-10-23,110078.18,17573.09294,3856.8,477231.0181,2.334107793213258,1.3472499231381718
2025-10-24,111004.89,15005.16913,3934.88,425926.9383,0.8418652997351561,2.0244762497407143
2025-10-25,111646.27,6407.96864,3953.82,138526.3338,0.5777943656356088,0.4813361525637383
2025-10-26,114559.4,13454.47737,4158.46,344698.0918,2.6092497313165763,5.1757540808635705
2025-10-27,114107.65,21450.23241,4120.15,487131.2291,-0.39433691168074825,-0.9212545028688623
2025-10-28,112898.45,15523.42257,3979.2,472965.8377,-1.0597010805147522,-3.420991954176422
2025-10-29,110021.29,21079.71376,3902.99,486452.3127,-2.548449513700146,-1.915209087253722
2025-10-30,108322.88,25988.82838,3805.09,531455.9923,-1.5437103127948992,-2.5083333546844777
2025-10-31,109608.01,21518.20439,3847.99,478636.2995,1.1863883235009975,1.1274371959664409
2025-11-01,110098.1,7378.50431,3873.77,152998.1626,0.4471297307560018,0.6699601610191452
2025-11-02,110540.68,12107.00087,3906.58,216083.1542,0.40198695526987294,0.8469785247962491
2025-11-03,106583.04,28681.18779,3603.83,877187.3852,-3.5802566077936193,-7.74974530151693
2025-11-04,101497.22,50534.87376,3287.05,1568004.2379,-4.771697260652341,-8.790092762422198
2025-11-05,103885.16,33778.77571,3424.29,809591.5132,2.3527146851904046,4.175172266926275
2025-11-06,101346.04,25814.62139,3315.14,566363.7003,-2.4441604556416086,-3.1875220848701535
2025-11-07,103339.08,32059.50942,3436.05,683417.3854,1.966569192047385,3.647206452819507
2025-11-08,102312.94,12390.77985,3401.51,291532.2881,-0.9929834869828569,-1.00522402176918
2025-11-09,104722.96,16338.97096,3583.46,464098.052,2.3555378234659363,5.349094960767409
2025-11-10,106011.13,22682.25673,3567.85,595273.0298,1.2300740926345144,-0.4356125085810958
2025-11-11,103058.99,24196.50718,3417.76,660283.2747,-2.784745337588612,-4.206735148618912
2025-11-12,101654.37,20457.63906,3414.92,553101.9368,-1.3629281637633106,-0.08309536070408852
2025-11-13,99692.02,36198.50771,3231.54,951989.1347,-1.93041381300183,-5.369964742951517
2025-11-14,94594.0,47288.14481,3112.4,890446.1491,-5.113769386957956,-3.6867871046002754
2025-11-15,95596.24,15110.89391,3167.88,338463.4782,1.0595175169672455,1.7825472304330958
2025-11-16,94261.44,23889.4051,3095.29,570633.5809,-1.3962892264381965,-2.2914378069876395
2025-11-17,92215.14,39218.59806,3031.44,762500.4289,-2.170877083991085,-2.0628115620830334
2025-11-18,92960.83,39835.14769,3123.66,766640.1058,0.8086416178514799,3.04211859710235
2025-11-19,91554.96,32286.6376,3025.48,737926.7146,-1.5123251373723723,-3.143107764609454
2025-11-20,86637.23,39733.19073,2834.22,912524.3718,-5.371341978632305,-6.321641524650645
2025-11-21,85129.43,72256.12679,2765.85,1180475.4085,-1.740360350856096,-2.412303914304459
2025-11-22,84739.74,14193.93263,2770.12,264691.3089,-0.457761786963673,0.1543829202595992
2025-11-23,86830.0,19734.46418,2802.16,409808.5734,2.466682102163631,1.156628593707132
2025-11-24,88300.01,24663.12795,2953.38,715279.7551,1.692974778302414,5.396551231906832
2025-11-25,87369.96,19567.0411,2959.36,427686.4528,-1.053284138925903,0.20247987052124383
2025-11-26,90484.02,21675.82239,3026.56,364535.326,3.5642227603171595,2.270761245674735
2025-11-27,91333.95,16833.50932,3015.23,274980.3955,0.9393150304329856,-0.3743524000845766
2025-11-28,90890.7,18830.86012,3031.15,346616.0275,-0.48530694227064686,0.527986256438151
2025-11-29,90802.44,7429.88291,2989.16,217904.1303,-0.0971056444718732,-1.3852828134536477
2025-11-30,90360.0,9687.74175,2991.26,182722.4253,-0.4872556288134988,0.07025385058010425
2025-12-01,86286.01,34509.01227,2799.07,849002.9909,-4.50862107127048,-6.425051650475055
2025-12-02,91277.88,28210.22732,2996.07,523707.3586,5.785259974357393,7.038051924389177
2025-12-03,93429.95,25712.52585,3188.36,553669.8146,2.3577125147954625,6.4180743440573895
2025-12-04,92078.06,19803.94059,3133.26,486698.3987,-1.4469557138797606,-1.7281611863152135
2025-12-05,89330.04,19792.97218,3021.78,530382.8986,-2.9844460232980596,-3.5579556117270816
2025-12-06,89236.79,8409.50016,3038.06,159721.2488,-0.10438817669845557,0.5387553031656722
2025-12-07,90395.31,13021.11185,3059.85,391129.675,1.298253780755676,0.7172340243444708
2025-12-08,90634.34,15793.63887,3124.16,452820.2207,0.264427435449921,2.1017370132522917
2025-12-09,92678.8,21240.43014,3318.04,603859.9458,2.2557233825501566,6.205828126600443
2025-12-10,92015.37,18998.68083,3324.14,539585.4535,-0.7158379262571457,0.18384347385804745
2025-12-11,92513.38,19972.58758,3237.39,504114.2391,0.5412247975528528,-2.609697545831402
2025-12-12,90268.42,16679.19169,3084.86,435686.4435,-2.426632774632176,-4.711511433593108
2025-12-13,90240.01,5895.70788,3114.64,136465.7567,-0.03147280078681369,0.9653598542559427
2025-12-14,88172.17,9416.94004,3063.5,279058.3545,-2.2914891077693733,-1.6419233041378711
2025-12-15,86432.08,19778.6919,2964.85,520509.9555,-1.9735138649757622,-3.220173004733151
2025-12-16,87863.42,18456.05017,2962.3,378293.1159,1.6560286412174774,-0.08600772383087207
2025-12-17,86243.22,19834.11729,2833.49,497630.4162,-1.8439983328670806,-4.348310434459723
2025-12-18,85516.41,25405.41763,2828.57,595253.7997,-0.8427445079160933,-0.17363745769349848
2025-12-19,88136.94,21256.65004,2979.5,531702.5439,3.064359226492308,5.335911785814029
2025-12-20,88360.9,5123.13194,2977.93,91783.7734,0.2541045786250251,-0.05269340493372354
2025-12-21,88658.86,7132.87258,3002.02,162244.8067,0.3372079732098854,0.808951184211848
2025-12-22,88620.79,14673.2197,3009.49,298443.5633,-0.042939870871350205,0.24883245281510646
2025-12-23,87486.0,13910.32904,2965.02,386465.747,-1.2805008847246668,-1.47765900534641
2025-12-24,87669.45,9140.8432,2947.47,197035.5598,0.20969069336806978,-0.5919015723334087
2025-12-25,87225.27,7096.58235,2903.95,188721.2981,-0.506653115766087,-1.4765205413456273
2025-12-26,87369.56,18344.61505,2927.99,314830.9989,0.16542224518192317,0.8278379448682038
2025-12-27,87877.01,4469.55156,2949.05,95040.3956,0.5808086935541468,0.7192647515872785
2025-12-28,87952.71,4446.29285,2950.91,128834.139,0.08614312207482211,0.06307115850865408
2025-12-29,87237.13,19894.98575,2937.9,485959.1824,-0.8135963064696994,-0.44088094858872884
2025-12-30,88485.49,13105.91001,2973.69,286583.2879,1.4309961824741313,1.218217093842533
2025-12-31,87648.22,11558.62047,2971.64,233729.5887,-0.9462229344042727,-0.06893791888193945
2026-01-01,88839.04,6279.57133,3004.19,136088.5207,1.3586356916318376,1.095354753604072
2026-01-02,89995.13,17396.97301,3125.45,369891.2449,1.3013310364452524,4.036362546976058
2026-01-03,90628.01,7057.46716,3127.11,134405.2258,0.7032380529924165,0.053112351821349435
2026-01-04,91529.73,10426.5297,3144.7,181576.0686,0.994968332637991,0.5625001998650347
2026-01-05,93859.71,20673.59584,3224.99,382446.6618,2.5455991184503812,2.5531847235030325
2026-01-06,93747.97,18546.41829,3296.84,412503.5066,-0.11905001624232803,2.2279138850042957
2026-01-07,91364.16,14276.49025,3168.72,321350.1225,-2.542785726453589,-3.886145521165729
2026-01-08,91099.99,16132.79117,3106.65,343616.1005,-0.2891396363738252,-1.9588351132318271
2026-01-09,90641.28,15590.27939,3088.4,274587.4533,-0.5035236557106137,-0.5874495034844607
2026-01-10,90504.7,3104.11722,3086.72,82341.0546,-0.1506818968134649,-0.054397098821401535
2026-01-11,91013.65,5477.13594,3123.45,149381.2965,0.5623464858730998,1.1899362430022764
2026-01-12,91296.2,16188.08268,3095.75,297373.4681,0.3104479383037706,-0.8868398725767945
2026-01-13,95414.0,23021.51482,3325.82,457782.2816,4.510373925749378,7.431801663571025
2026-01-14,96951.78,22851.89428,3354.92,503440.0759,1.6116922044982829,0.8749721873101857
2026-01-15,95604.8,21725.81369,3318.69,389993.836,-1.3893298297359746,-1.0799065253418894
2026-01-16,95550.94,11167.7146,3296.28,223921.7876,-0.056336083543928606,-0.6752664454950597
2026-01-17,95147.77,4280.80137,3310.56,124325.0303,-0.42194247382599803,0.43321562488622956
2026-01-18,93673.14,6895.17819,3284.03,173354.3026,-1.5498313833314237,-0.8013749939587145
2026-01-19,92631.0,14295.52747,3189.55,442540.5596,-1.112528095033427,-2.876953012000505
2026-01-20,88427.66,22007.3261,2939.88,518166.4787,-4.537724951690036,-7.827749996080957
2026-01-21,89454.73,20617.50372,2982.27,577800.2481,1.161480468893994,1.4418955875749928
2026-01-22,89559.67,10825.50492,2952.69,291660.7349,0.11731073359675381,-0.9918619038517651
2026-01-23,89600.26,13918.48919,2956.41,318415.3317,0.04532173912654702,0.12598681202564688
2026-01-24,89225.34,4226.56737,2953.22,92082.9039,-0.4184362857875601,-0.1079011368517957
2026-01-25,86670.36,14426.22019,2816.89,380186.5326,-2.863513885181046,-4.616317104719592
2026-01-26,88347.08,17766.51453,2930.35,485169.3372,1.9345944795891024,4.027846312777572
2026-01-27,89250.0,13125.40425,3026.77,478792.3988,1.0220145363038613,3.290391932704284
2026-01-28,89299.99,14332.18502,3010.78,296607.6549,0.056011204481798416,-0.5282859285641095
2026-01-29,84650.16,30431.38201,2822.59,561288.5979,-5.206977066850738,-6.250539727246762
2026-01-30,84260.49,35195.84793,2707.38,793279.6252,-0.46032990368830573,-4.081712186325326
2026-01-31,78741.09,39491.89133,2451.95,1113097.7132,-6.550401024252306,-9.434582511505596
2026-02-01,76968.21,25395.48168,2270.15,1026573.9466,-2.251530935119128,-7.414506821101563
2026-02-02,78738.61,42273.59016,2347.02,1248535.2114,2.3001704210088736,3.386119859921144
2026-02-03,75770.21,39120.10889,2233.72,1321099.3867,-3.769942090671896,-4.827398147438034
2026-02-04,73165.83,38375.36,2148.26,1264743.43,-3.437208369885747,-3.8259047687265957
2026-02-05,62909.86,106298.82899,1826.83,1952286.6951,-14.017431361060218,-14.962341616005526
2026-02-06,70580.26,92539.21531,2063.38,2102311.5573,12.19268330910288,12.948659700136322
2026-02-07,69289.38,44255.48036,2087.08,1142616.4487,-1.828953307907888,1.1486008393994274
2026-02-08,70330.38,21420.53168,2089.74,482837.2515,1.5023947392803993,0.12745079249476543
2026-02-09,70138.0,29152.72842,2105.02,625378.5569,-0.27353755233514576,0.7311914400834674
2026-02-10,68841.29,20373.77072,2022.67,574321.6908,-1.848798083777703,-3.9120768448755783
2026-02-11,67082.52,28718.24602,1941.18,529655.8177,-2.554818481757082,-4.028833175950597
2026-02-12,66272.17,24271.74283,1947.85,427567.1469,-1.207989801217968,0.3436054358688878
2026-02-13,68853.96,20244.54955,2048.72,425649.7698,3.8957378338448923,5.1785301742947265
2026-02-14,69822.95,18114.78393,2086.59,220677.2355,1.4073119396473155,1.8484712405794967
2026-02-15,68832.58,22290.05208,1966.58,834778.0952,-1.4184018291979905,-5.751489271970067
2026-02-16,68531.68,3010.97089,1971.25,84828.6982,-0.437147641422142,0.23746809181421913
