date,timestamp,open,high,low,close,volume
2024-01-01,1704067200000,2281.87,2352.37,2265.24,2352.04,216702.6914
2024-01-02,1704153600000,2352.05,2431.3,2341.0,2355.34,458041.6642
2024-01-03,1704240000000,2355.35,2385.45,2100.0,2209.72,798729.4869
2024-01-04,1704326400000,2209.72,2294.69,2201.91,2267.11,448844.055
2024-01-05,1704412800000,2267.11,2277.21,2206.17,2268.78,405568.0006
2024-01-06,1704499200000,2268.78,2270.0,2216.4,2240.78,194067.8656
2024-01-07,1704585600000,2240.77,2258.01,2203.46,2221.42,207138.6927
2024-01-08,1704672000000,2221.42,2358.2,2166.38,2330.44,539407.5547
2024-01-09,1704758400000,2330.43,2371.72,2226.78,2344.29,551454.9931
2024-01-10,1704844800000,2344.3,2643.1,2339.59,2584.38,1038388.666
2024-01-11,1704931200000,2584.37,2689.39,2566.01,2618.01,838712.2577
2024-01-12,1705017600000,2618.01,2717.32,2458.0,2522.54,887457.7627
2024-01-13,1705104000000,2522.55,2590.0,2497.5,2578.19,422061.232
2024-01-14,1705190400000,2578.18,2578.69,2470.0,2472.87,306207.7463
2024-01-15,1705276800000,2472.87,2553.82,2470.92,2511.78,315247.8819
2024-01-16,1705363200000,2511.79,2614.43,2500.05,2587.4,381077.6247
2024-01-17,1705449600000,2587.41,2592.97,2506.75,2530.19,366281.3477
2024-01-18,1705536000000,2530.2,2550.0,2428.56,2470.81,452090.1074
2024-01-19,1705622400000,2470.81,2504.2,2415.2,2492.0,424209.0029
2024-01-20,1705708800000,2491.99,2492.0,2454.2,2472.01,136620.9577
2024-01-21,1705795200000,2472.02,2482.18,2452.13,2457.05,122572.1687
2024-01-22,1705881600000,2457.06,2466.1,2303.59,2314.2,526337.6492
2024-01-23,1705968000000,2314.19,2352.23,2168.07,2242.6,700105.3314
2024-01-24,1706054400000,2242.6,2264.6,2196.12,2235.02,359851.1496
2024-01-25,1706140800000,2235.02,2242.89,2171.3,2218.64,330426.6061
2024-01-26,1706227200000,2218.64,2282.36,2195.84,2267.68,363566.4255
2024-01-27,1706313600000,2267.67,2282.94,2251.4,2267.94,145109.3836
2024-01-28,1706400000000,2267.94,2308.24,2239.89,2256.9,209326.9087
2024-01-29,1706486400000,2256.9,2322.34,2233.8,2317.6,305528.0776
2024-01-30,1706572800000,2317.61,2391.98,2297.0,2343.01,372879.5791
2024-01-31,1706659200000,2343.0,2351.6,2263.57,2283.14,397116.1859
2024-02-01,1706745600000,2283.15,2311.72,2240.0,2304.28,310997.4538
2024-02-02,1706832000000,2304.28,2324.74,2281.94,2309.06,238230.511
2024-02-03,1706918400000,2309.07,2329.98,2292.75,2296.49,133232.845
2024-02-04,1707004800000,2296.5,2311.0,2266.0,2289.79,171232.0444
2024-02-05,1707091200000,2289.79,2338.41,2269.11,2301.83,236610.412
2024-02-06,1707177600000,2301.84,2392.4,2299.0,2372.64,368942.7498
2024-02-07,1707264000000,2372.63,2444.44,2354.0,2425.1,342791.7013
2024-02-08,1707350400000,2425.09,2463.15,2411.01,2419.55,338040.0539
2024-02-09,1707436800000,2419.56,2525.0,2419.16,2486.56,492384.385
2024-02-10,1707523200000,2486.56,2516.45,2471.57,2500.24,185099.59
2024-02-11,1707609600000,2500.24,2539.63,2493.45,2507.21,219975.1471
2024-02-12,1707696000000,2507.22,2665.58,2472.0,2659.99,449501.776
2024-02-13,1707782400000,2659.99,2686.12,2590.0,2639.99,502447.745
2024-02-14,1707868800000,2639.99,2786.0,2618.4,2774.81,461670.6944
2024-02-15,1707955200000,2774.8,2867.65,2759.25,2822.59,481689.1874
2024-02-16,1708041600000,2822.58,2857.4,2740.0,2801.8,378070.8037
2024-02-17,1708128000000,2801.81,2804.21,2719.01,2785.93,243302.8759
2024-02-18,1708214400000,2785.92,2895.0,2764.25,2881.2,367987.8833
2024-02-19,1708300800000,2881.2,2984.52,2856.93,2944.8,446451.0401
2024-02-20,1708387200000,2944.8,3033.09,2874.56,3014.81,634681.7471
2024-02-21,1708473600000,3014.81,3017.15,2868.0,2967.9,595955.0033
2024-02-22,1708560000000,2967.91,3036.02,2906.51,2971.4,563525.9936
2024-02-23,1708646400000,2971.4,2993.8,2906.05,2922.24,428826.5787
2024-02-24,1708732800000,2922.25,3007.48,2906.4,2992.62,243854.0783
2024-02-25,1708819200000,2992.62,3122.0,2983.61,3112.59,412306.2237
2024-02-26,1708905600000,3112.6,3196.0,3036.59,3175.94,546722.7747
2024-02-27,1708992000000,3175.95,3288.14,3160.02,3242.36,625939.1221
2024-02-28,1709078400000,3242.35,3488.0,3176.16,3383.1,947538.766
2024-02-29,1709164800000,3383.11,3522.81,3300.0,3340.09,759698.1123
2024-03-01,1709251200000,3340.1,3450.0,3338.54,3433.43,412788.5773
2024-03-02,1709337600000,3433.42,3460.04,3390.01,3421.4,283984.9448
2024-03-03,1709424000000,3421.39,3491.8,3360.0,3487.81,341631.531
2024-03-04,1709510400000,3487.8,3640.94,3423.78,3627.76,715360.6361
2024-03-05,1709596800000,3627.75,3822.04,3200.0,3553.65,1392904.864
2024-03-06,1709683200000,3553.66,3900.0,3499.4,3818.59,969494.71
2024-03-07,1709769600000,3818.58,3933.81,3735.0,3868.76,540780.675
2024-03-08,1709856000000,3868.76,3993.75,3820.0,3883.36,646399.2589
2024-03-09,1709942400000,3883.37,3942.0,3870.01,3905.21,254839.1386
2024-03-10,1710028800000,3905.2,3964.67,3791.26,3878.47,356664.68
2024-03-11,1710115200000,3878.47,4086.23,3722.95,4064.8,721554.5139
2024-03-12,1710201600000,4064.8,4093.92,3828.98,3979.96,632787.3941
2024-03-13,1710288000000,3979.97,4083.0,3932.23,4004.79,482305.7766
2024-03-14,1710374400000,4004.79,4010.98,3723.0,3881.7,648237.5245
2024-03-15,1710460800000,3881.69,3934.02,3570.0,3742.19,947537.4071
2024-03-16,1710547200000,3742.19,3781.12,3468.8,3523.09,548288.1569
2024-03-17,1710633600000,3523.09,3678.68,3412.0,3644.71,517790.9936
2024-03-18,1710720000000,3644.7,3645.02,3454.09,3520.46,570901.2851
2024-03-19,1710806400000,3520.47,3548.09,3150.88,3158.64,1049629.6936
2024-03-20,1710892800000,3158.65,3535.24,3056.56,3516.53,1207322.8201
2024-03-21,1710979200000,3516.53,3587.32,3412.0,3492.85,602755.2072
2024-03-22,1711065600000,3492.84,3542.52,3250.0,3336.35,558848.888
2024-03-23,1711152000000,3336.35,3435.48,3270.08,3329.53,323675.9448
2024-03-24,1711238400000,3329.53,3471.22,3298.76,3454.98,260824.1408
2024-03-25,1711324800000,3454.99,3666.0,3420.12,3590.42,548577.6942
2024-03-26,1711411200000,3590.43,3678.86,3542.62,3587.33,499013.8384
2024-03-27,1711497600000,3587.32,3665.84,3460.02,3501.19,443195.3297
2024-03-28,1711584000000,3501.2,3611.78,3465.0,3560.49,404654.0311
2024-03-29,1711670400000,3560.49,3584.37,3445.91,3509.74,323086.179
2024-03-30,1711756800000,3509.74,3565.81,3485.0,3505.64,216025.2634
2024-03-31,1711843200000,3505.65,3655.32,3505.09,3645.29,243464.9877
2024-04-01,1711929600000,3645.29,3645.95,3413.71,3503.8,408854.1225
2024-04-02,1712016000000,3503.8,3505.6,3212.0,3278.96,623264.6476
2024-04-03,1712102400000,3278.96,3367.4,3202.79,3310.83,410484.1933
2024-04-04,1712188800000,3310.83,3443.93,3250.92,3327.4,356338.5716
2024-04-05,1712275200000,3327.39,3350.0,3210.0,3317.85,344556.7983
2024-04-06,1712361600000,3317.85,3398.42,3306.68,3351.59,183312.2125
2024-04-07,1712448000000,3351.59,3459.94,3344.08,3454.2,210459.0752
2024-04-08,1712534400000,3454.2,3730.71,3406.36,3694.61,496841.3532
2024-04-09,1712620800000,3694.61,3727.34,3450.46,3506.39,457592.252
2024-04-10,1712707200000,3506.4,3562.95,3411.82,3545.64,389404.9055
2024-04-11,1712793600000,3545.64,3618.3,3474.52,3502.52,338139.5534
2024-04-12,1712880000000,3502.52,3552.4,3100.0,3237.43,697327.1174
2024-04-13,1712966400000,3237.42,3301.9,2852.0,3007.01,994971.2354
2024-04-14,1713052800000,3007.01,3174.23,2906.73,3155.11,737580.4666
2024-04-15,1713139200000,3155.11,3277.85,3023.19,3101.99,605430.8863
2024-04-16,1713225600000,3102.0,3128.01,2986.0,3084.22,526113.855
2024-04-17,1713312000000,3084.21,3123.75,2914.47,2985.41,491897.5661
2024-04-18,1713398400000,2985.41,3094.4,2950.98,3064.4,389060.7133
2024-04-19,1713484800000,3064.4,3128.89,2865.18,3056.46,607850.4019
2024-04-20,1713571200000,3056.45,3171.88,3018.75,3155.79,242577.6371
2024-04-21,1713657600000,3155.79,3197.18,3116.49,3147.67,219970.5072
2024-04-22,1713744000000,3147.66,3235.0,3129.15,3200.2,290879.9569
2024-04-23,1713830400000,3200.19,3263.61,3152.0,3219.46,253914.2263
2024-04-24,1713916800000,3219.46,3293.56,3104.9,3140.8,393314.3414
2024-04-25,1714003200000,3140.79,3191.64,3072.2,3155.8,352288.5502
2024-04-26,1714089600000,3155.81,3167.7,3102.0,3131.3,252522.655
2024-04-27,1714176000000,3131.3,3285.0,3066.74,3255.56,323811.1919
2024-04-28,1714262400000,3255.55,3357.4,3250.45,3263.45,304766.009
2024-04-29,1714348800000,3263.44,3286.95,3115.13,3216.73,421831.2912
2024-04-30,1714435200000,3216.74,3250.95,2921.0,3014.05,561717.4866
2024-05-01,1714521600000,3014.04,3023.24,2817.0,2972.46,624963.7773
2024-05-02,1714608000000,2972.46,3016.72,2893.26,2986.19,365939.7191
2024-05-03,1714694400000,2986.19,3126.99,2958.32,3102.61,355825.8391
2024-05-04,1714780800000,3102.61,3168.0,3092.85,3117.23,196263.9488
2024-05-05,1714867200000,3117.24,3171.93,3072.99,3136.41,218760.2662
2024-05-06,1714953600000,3136.4,3221.4,3046.35,3062.6,355135.3027
2024-05-07,1715040000000,3062.59,3129.85,2998.0,3005.69,298796.6829
2024-05-08,1715126400000,3005.69,3038.15,2936.48,2974.21,266934.8125
2024-05-09,1715212800000,2974.2,3059.0,2950.77,3036.23,238561.7462
2024-05-10,1715299200000,3036.24,3053.89,2878.03,2909.99,327855.8758
2024-05-11,1715385600000,2909.98,2945.67,2886.46,2912.45,138163.1087
2024-05-12,1715472000000,2912.45,2955.2,2901.17,2929.29,107670.6323
2024-05-13,1715558400000,2929.3,2996.4,2864.76,2950.99,368664.7648
2024-05-14,1715644800000,2950.99,2960.6,2862.0,2881.93,269675.3037
2024-05-15,1715731200000,2881.93,3041.36,2863.75,3032.55,350254.3188
2024-05-16,1715817600000,3032.55,3041.24,2922.8,2944.7,293874.1513
2024-05-17,1715904000000,2944.7,3120.0,2933.06,3092.01,357724.7731
2024-05-18,1715990400000,3092.0,3146.98,3083.61,3122.94,199976.5456
2024-05-19,1716076800000,3122.94,3136.64,3053.38,3071.19,166145.0102
2024-05-20,1716163200000,3071.2,3694.0,3047.67,3661.78,847107.8828
2024-05-21,1716249600000,3661.79,3841.54,3624.28,3789.6,952437.2694
2024-05-22,1716336000000,3789.59,3813.69,3653.15,3737.73,574938.3099
2024-05-23,1716422400000,3737.72,3949.29,3498.0,3783.61,1127866.076
2024-05-24,1716508800000,3783.6,3829.61,3626.1,3728.28,479418.4318
2024-05-25,1716595200000,3728.28,3779.43,3709.03,3749.26,158711.8992
2024-05-26,1716681600000,3749.25,3884.2,3731.17,3826.47,292208.2937
2024-05-27,1716768000000,3826.47,3977.0,3823.37,3894.22,363717.6473
2024-05-28,1716854400000,3894.21,3931.09,3773.9,3844.69,416249.8344
2024-05-29,1716940800000,3844.69,3888.55,3742.59,3767.43,334759.6348
2024-05-30,1717027200000,3767.44,3825.35,3702.58,3747.91,277034.2894
2024-05-31,1717113600000,3747.9,3849.94,3723.75,3762.29,273406.766
2024-06-01,1717200000000,3762.29,3833.3,3752.67,3815.82,132687.2006
2024-06-02,1717286400000,3815.82,3838.59,3752.62,3780.91,210295.4407
2024-06-03,1717372800000,3780.92,3849.99,3758.43,3767.06,248848.702
2024-06-04,1717459200000,3767.07,3831.65,3730.0,3810.23,232063.7468
2024-06-05,1717545600000,3810.23,3887.47,3777.33,3865.99,273738.6035
2024-06-06,1717632000000,3866.0,3878.6,3760.0,3813.46,237504.1905
2024-06-07,1717718400000,3813.47,3841.39,3600.0,3678.32,362223.3594
2024-06-08,1717804800000,3678.31,3709.5,3660.08,3681.57,140550.8394
2024-06-09,1717891200000,3681.58,3721.52,3666.36,3706.4,103451.102
2024-06-10,1717977600000,3706.4,3713.67,3642.74,3667.85,156363.1846
2024-06-11,1718064000000,3667.85,3673.0,3432.0,3497.33,439568.5978
2024-06-12,1718150400000,3497.33,3659.01,3462.07,3560.12,387043.774
2024-06-13,1718236800000,3560.13,3561.65,3428.0,3469.4,300230.8299
2024-06-14,1718323200000,3469.4,3532.61,3362.26,3481.8,322316.4214
2024-06-15,1718409600000,3481.8,3594.39,3473.1,3568.74,246649.5894
2024-06-16,1718496000000,3568.75,3653.79,3541.05,3624.41,149839.982
2024-06-17,1718582400000,3624.41,3638.37,3463.39,3511.46,337805.6402
2024-06-18,1718668800000,3511.47,3517.2,3355.0,3483.42,449913.3014
2024-06-19,1718755200000,3483.42,3590.01,3465.65,3560.51,321500.0027
2024-06-20,1718841600000,3560.51,3625.96,3486.0,3513.08,329117.8453
2024-06-21,1718928000000,3513.08,3547.55,3446.82,3518.5,342155.102
2024-06-22,1719014400000,3518.5,3521.19,3475.09,3495.75,115774.6157
2024-06-23,1719100800000,3495.76,3521.45,3406.38,3420.91,133411.4304
2024-06-24,1719187200000,3420.91,3435.76,3240.0,3352.73,543370.4229
2024-06-25,1719273600000,3352.74,3430.88,3336.76,3394.91,240036.2236
2024-06-26,1719360000000,3394.91,3426.75,3325.01,3371.44,206949.3418
2024-06-27,1719446400000,3371.77,3477.0,3361.74,3450.44,201041.6609
2024-06-28,1719532800000,3450.44,3487.7,3365.22,3380.15,221634.3435
2024-06-29,1719619200000,3380.15,3408.32,3371.86,3378.8,88329.7651
2024-06-30,1719705600000,3378.8,3460.0,3352.66,3438.16,141221.6185
2024-07-01,1719792000000,3438.16,3524.94,3423.78,3442.2,224273.2122
2024-07-02,1719878400000,3442.2,3464.12,3402.0,3421.35,137932.7014
2024-07-03,1719964800000,3421.35,3432.1,3251.0,3295.48,310408.451
2024-07-04,1720051200000,3295.49,3313.45,3050.34,3059.7,450402.5692
2024-07-05,1720137600000,3059.7,3110.0,2810.0,2981.78,886994.3753
2024-07-06,1720224000000,2981.79,3081.78,2955.06,3066.83,214487.9713
2024-07-07,1720310400000,3066.83,3073.08,2922.24,2931.0,179892.7612
2024-07-08,1720396800000,2930.99,3097.06,2822.8,3019.01,500445.0105
2024-07-09,1720483200000,3019.01,3115.2,3004.0,3066.65,280358.1424
2024-07-10,1720569600000,3066.65,3151.51,3024.0,3101.05,270827.0844
2024-07-11,1720656000000,3101.06,3217.24,3054.76,3099.57,289229.32
2024-07-12,1720742400000,3099.57,3157.89,3045.58,3133.88,185745.1825
2024-07-13,1720828800000,3133.89,3201.8,3113.37,3175.93,119302.4769
2024-07-14,1720915200000,3175.93,3268.72,3163.67,3245.08,165430.7716
2024-07-15,1721001600000,3245.2,3493.63,3233.22,3483.39,314296.8452
2024-07-16,1721088000000,3483.2,3498.59,3346.55,3444.13,376128.7869
2024-07-17,1721174400000,3444.14,3517.0,3376.0,3387.05,297812.5162
2024-07-18,1721260800000,3387.05,3489.98,3367.2,3426.5,241950.3457
2024-07-19,1721347200000,3426.49,3540.27,3377.0,3503.53,299511.6422
2024-07-20,1721433600000,3503.53,3539.65,3480.0,3517.5,147510.8165
2024-07-21,1721520000000,3517.5,3547.0,3411.4,3535.92,218890.9656
2024-07-22,1721606400000,3535.93,3562.82,3422.34,3439.6,207859.5043
2024-07-23,1721692800000,3439.61,3541.0,3389.0,3482.51,500568.7811
2024-07-24,1721779200000,3482.51,3487.82,3300.0,3335.81,275479.0506
2024-07-25,1721865600000,3335.82,3342.5,3087.53,3175.48,494282.6398
2024-07-26,1721952000000,3175.47,3286.36,3171.0,3274.61,260237.4641
2024-07-27,1722038400000,3274.6,3327.59,3191.01,3249.01,231991.9037
2024-07-28,1722124800000,3249.0,3284.3,3198.11,3270.16,103529.8329
2024-07-29,1722211200000,3270.16,3396.77,3258.0,3317.66,318471.5055
2024-07-30,1722297600000,3317.66,3366.4,3233.18,3279.21,197277.1641
2024-07-31,1722384000000,3279.2,3350.0,3213.75,3232.74,233711.3352
2024-08-01,1722470400000,3232.74,3242.57,3080.02,3203.4,323285.6105
2024-08-02,1722556800000,3203.4,3218.6,2967.0,2989.61,385704.0395
2024-08-03,1722643200000,2989.61,3018.02,2859.0,2903.64,344595.3157
2024-08-04,1722729600000,2903.65,2935.46,2630.0,2688.92,512064.2612
2024-08-05,1722816000000,2688.91,2697.44,2111.0,2419.59,2670604.1003
2024-08-06,1722902400000,2419.76,2556.23,2414.19,2461.33,642283.8038
2024-08-07,1722988800000,2461.33,2551.32,2309.04,2342.8,630115.4228
2024-08-08,1723075200000,2342.79,2724.1,2320.4,2682.5,586502.8754
2024-08-09,1723161600000,2682.5,2707.98,2552.61,2598.78,406739.9611
2024-08-10,1723248000000,2598.79,2644.7,2576.49,2609.92,171012.3619
2024-08-11,1723334400000,2609.92,2720.0,2540.0,2555.38,297098.9145
2024-08-12,1723420800000,2555.38,2750.0,2510.05,2722.3,483414.2506
2024-08-13,1723507200000,2722.3,2738.4,2611.37,2702.44,325668.6964
2024-08-14,1723593600000,2702.44,2780.0,2632.2,2661.45,338808.7141
2024-08-15,1723680000000,2661.45,2675.6,2515.71,2569.89,356546.8059
2024-08-16,1723766400000,2569.9,2630.97,2550.04,2592.73,270684.1373
2024-08-17,1723852800000,2592.72,2629.69,2587.5,2614.51,89348.676
2024-08-18,1723939200000,2614.51,2689.16,2594.53,2612.15,174074.0585
2024-08-19,1724025600000,2612.15,2648.08,2563.58,2636.36,224867.1336
2024-08-20,1724112000000,2636.36,2695.0,2555.0,2572.82,281315.8751
2024-08-21,1724198400000,2572.81,2663.74,2536.22,2630.71,245286.6218
2024-08-22,1724284800000,2630.71,2644.69,2584.2,2622.88,199063.1196
2024-08-23,1724371200000,2622.89,2799.13,2621.4,2762.48,401786.4447
2024-08-24,1724457600000,2762.49,2820.0,2731.26,2768.0,263542.9441
2024-08-25,1724544000000,2768.01,2792.28,2733.21,2746.13,154527.2352
2024-08-26,1724630400000,2746.12,2762.0,2666.66,2680.49,211708.1247
2024-08-27,1724716800000,2680.49,2699.98,2392.96,2457.33,412660.7197
2024-08-28,1724803200000,2457.33,2554.6,2418.8,2528.33,451266.634
2024-08-29,1724889600000,2528.33,2595.4,2505.88,2527.61,237002.9632
2024-08-30,1724976000000,2527.6,2552.17,2431.14,2526.0,338379.1941
2024-08-31,1725062400000,2525.99,2533.95,2491.92,2513.01,97946.1147
2024-09-01,1725148800000,2513.0,2516.28,2400.0,2425.72,223127.776
2024-09-02,1725235200000,2425.71,2564.83,2423.52,2538.01,262632.8385
2024-09-03,1725321600000,2538.0,2553.6,2411.12,2425.29,224793.1299
2024-09-04,1725408000000,2425.28,2490.0,2306.65,2450.71,384179.3854
2024-09-05,1725494400000,2450.71,2466.0,2348.04,2368.81,278549.0969
2024-09-06,1725580800000,2368.81,2408.83,2150.55,2225.23,643027.111
2024-09-07,1725667200000,2225.24,2311.27,2220.98,2273.58,219453.2076
2024-09-08,1725753600000,2273.58,2333.58,2240.94,2297.3,192775.6493
2024-09-09,1725840000000,2297.3,2381.41,2272.8,2359.5,321698.99
2024-09-10,1725926400000,2359.51,2400.0,2320.41,2388.52,224382.1729
2024-09-11,1726012800000,2388.52,2389.32,2277.68,2340.55,282898.3125
2024-09-12,1726099200000,2340.54,2391.93,2315.39,2361.76,202611.1308
2024-09-13,1726185600000,2361.75,2464.82,2337.35,2439.19,253888.616
2024-09-14,1726272000000,2439.19,2440.6,2376.72,2417.79,122931.2302
2024-09-15,1726358400000,2417.8,2430.32,2283.75,2316.1,174364.1946
2024-09-16,1726444800000,2316.09,2335.7,2252.39,2295.68,330555.232
2024-09-17,1726531200000,2295.67,2393.63,2263.29,2341.8,274206.2588
2024-09-18,1726617600000,2341.79,2376.14,2277.34,2374.75,292917.6008
2024-09-19,1726704000000,2374.74,2494.95,2372.6,2465.21,326746.032
2024-09-20,1726790400000,2465.21,2571.93,2437.31,2561.4,340754.5912
2024-09-21,1726876800000,2561.4,2623.34,2528.97,2612.4,154757.8773
2024-09-22,1726963200000,2612.4,2632.57,2524.58,2581.0,214266.3257
2024-09-23,1727049600000,2580.99,2702.82,2539.49,2646.97,333282.0149
2024-09-24,1727136000000,2646.98,2670.96,2591.56,2653.2,288600.0402
2024-09-25,1727222400000,2653.2,2673.5,2554.05,2579.95,220343.4293
2024-09-26,1727308800000,2580.09,2666.22,2559.2,2632.26,278686.3573
2024-09-27,1727395200000,2632.25,2728.6,2615.21,2694.43,281826.9792
2024-09-28,1727481600000,2694.43,2704.35,2650.0,2675.21,137230.0342
2024-09-29,1727568000000,2675.21,2683.7,2629.73,2657.62,160554.3146
2024-09-30,1727654400000,2657.62,2663.5,2575.0,2602.23,282475.7961
2024-10-01,1727740800000,2602.24,2659.0,2414.0,2447.79,502828.6804
2024-10-02,1727827200000,2447.78,2499.0,2352.0,2364.1,317484.735
2024-10-03,1727913600000,2364.09,2403.38,2310.0,2349.8,314635.9263
2024-10-04,1728000000000,2349.8,2441.64,2339.15,2414.41,239383.017
2024-10-05,1728086400000,2414.41,2428.23,2390.05,2414.66,103740.2316
2024-10-06,1728172800000,2414.66,2457.8,2407.0,2440.03,105752.7096
2024-10-07,1728259200000,2440.02,2521.0,2403.0,2422.71,300459.5407
2024-10-08,1728345600000,2422.7,2466.66,2401.18,2440.89,201358.3312
2024-10-09,1728432000000,2440.88,2473.61,2351.42,2370.47,242082.2725
2024-10-10,1728518400000,2370.47,2421.36,2330.66,2386.49,257862.9619
2024-10-11,1728604800000,2386.49,2471.45,2381.86,2439.5,235441.2197
2024-10-12,1728691200000,2439.49,2490.51,2434.35,2476.4,139637.5062
2024-10-13,1728777600000,2476.4,2484.92,2436.4,2468.91,120022.8179
2024-10-14,1728864000000,2468.92,2654.0,2443.39,2629.79,435900.1619
2024-10-15,1728950400000,2629.79,2688.6,2537.36,2607.41,416285.6663
2024-10-16,1729036800000,2607.41,2647.79,2588.67,2611.1,260322.4242
2024-10-17,1729123200000,2611.1,2648.37,2575.4,2605.8,221624.5434
2024-10-18,1729209600000,2605.79,2675.58,2596.49,2642.17,292444.1153
2024-10-19,1729296000000,2642.17,2663.49,2631.02,2648.2,105413.7646
2024-10-20,1729382400000,2648.2,2759.0,2635.54,2746.91,256910.7448
2024-10-21,1729468800000,2746.91,2769.48,2655.01,2666.7,310674.7232
2024-10-22,1729555200000,2666.71,2671.92,2606.56,2622.81,265747.713
2024-10-23,1729641600000,2622.81,2628.2,2450.0,2524.61,352647.7086
2024-10-24,1729728000000,2524.6,2562.65,2507.31,2535.82,290851.7842
2024-10-25,1729814400000,2535.82,2566.33,2382.59,2440.62,514799.8822
2024-10-26,1729900800000,2440.63,2508.0,2430.12,2482.51,248724.8313
2024-10-27,1729987200000,2482.51,2527.99,2464.13,2507.8,137580.8836
2024-10-28,1730073600000,2507.8,2589.67,2471.67,2567.48,360605.327
2024-10-29,1730160000000,2567.49,2681.86,2561.2,2638.8,451915.7025
2024-10-30,1730246400000,2638.8,2722.3,2599.66,2659.19,460627.126
2024-10-31,1730332800000,2659.19,2669.0,2503.0,2518.61,403427.2017
2024-11-01,1730419200000,2518.61,2586.8,2467.67,2511.49,430249.1073
2024-11-02,1730505600000,2511.49,2523.45,2470.0,2494.23,145961.13
2024-11-03,1730592000000,2494.23,2496.39,2411.0,2457.73,276009.1197
2024-11-04,1730678400000,2457.73,2491.39,2357.59,2398.21,306316.9645
2024-11-05,1730764800000,2398.21,2480.0,2380.74,2422.55,331619.2545
2024-11-06,1730851200000,2422.6,2744.7,2420.3,2721.87,1002141.3618
2024-11-07,1730937600000,2721.88,2916.11,2699.49,2895.47,730845.9524
2024-11-08,1731024000000,2895.47,2981.69,2886.4,2961.75,568864.435
2024-11-09,1731110400000,2961.75,3157.4,2953.71,3126.21,526719.4212
2024-11-10,1731196800000,3126.2,3248.52,3069.0,3183.21,865536.7322
2024-11-11,1731283200000,3183.2,3387.61,3105.0,3371.59,1000093.9664
2024-11-12,1731369600000,3371.59,3442.5,3207.67,3243.8,973215.7285
2024-11-13,1731456000000,3243.79,3331.0,3116.69,3187.16,919686.3747
2024-11-14,1731542400000,3187.16,3240.4,3028.56,3058.82,605780.6662
2024-11-15,1731628800000,3058.81,3131.06,3014.5,3090.01,519623.6317
2024-11-16,1731715200000,3090.01,3219.97,3072.0,3132.87,423639.1573
2024-11-17,1731801600000,3132.88,3162.11,3034.99,3076.0,449818.9575
2024-11-18,1731888000000,3075.99,3224.94,3050.01,3207.8,640658.4357
2024-11-19,1731974400000,3207.81,3221.2,3065.4,3107.44,500112.0194
2024-11-20,1732060800000,3107.45,3159.2,3029.41,3069.97,503607.8336
2024-11-21,1732147200000,3069.97,3386.73,3032.59,3355.81,974923.3035
2024-11-22,1732233600000,3355.88,3425.92,3257.54,3327.78,603273.7093
2024-11-23,1732320000000,3327.78,3497.51,3312.72,3393.91,721024.0009
2024-11-24,1732406400000,3393.91,3450.0,3281.4,3361.2,479098.0921
2024-11-25,1732492800000,3361.21,3546.66,3300.01,3414.49,949330.37
2024-11-26,1732579200000,3414.49,3462.49,3252.0,3324.73,672367.1503
2024-11-27,1732665600000,3324.74,3684.92,3302.4,3653.28,754573.6485
2024-11-28,1732752000000,3653.27,3661.92,3529.76,3578.79,560976.425
2024-11-29,1732838400000,3578.8,3647.98,3534.28,3592.21,425493.2449
2024-11-30,1732924800000,3592.22,3738.98,3568.4,3703.6,503684.7485
2024-12-01,1733011200000,3703.59,3746.8,3659.2,3707.61,429089.2633
2024-12-02,1733097600000,3707.61,3760.0,3554.32,3643.42,737130.569
2024-12-03,1733184000000,3643.43,3670.0,3500.0,3614.51,678400.2032
2024-12-04,1733270400000,3614.51,3887.24,3614.51,3837.8,968744.0399
2024-12-05,1733356800000,3837.8,3956.0,3677.0,3785.2,946493.276
2024-12-06,1733443200000,3785.21,4087.73,3777.26,3998.87,803855.1146
2024-12-07,1733529600000,3998.87,4024.46,3968.0,3996.22,283920.02
2024-12-08,1733616000000,3996.22,4015.58,3923.5,4004.15,251362.1685
2024-12-09,1733702400000,4004.15,4006.17,3509.0,3712.0,939642.2001
2024-12-10,1733788800000,3712.0,3780.76,3515.89,3628.25,942206.0337
2024-12-11,1733875200000,3628.24,3848.64,3562.34,3831.81,461818.7801
2024-12-12,1733961600000,3831.82,3987.41,3796.8,3881.61,572098.6343
2024-12-13,1734048000000,3881.6,3968.47,3852.94,3906.8,387765.6873
2024-12-14,1734134400000,3906.8,3945.0,3825.03,3870.29,265538.9479
2024-12-15,1734220800000,3870.3,3974.61,3831.5,3959.09,253833.2141
2024-12-16,1734307200000,3959.09,4107.8,3884.0,3986.24,673351.0723
2024-12-17,1734393600000,3986.24,4041.82,3847.96,3893.01,450825.9861
2024-12-18,1734480000000,3893.01,3907.19,3617.42,3626.8,722505.0618
2024-12-19,1734566400000,3626.8,3720.0,3326.8,3417.01,1078153.4851
2024-12-20,1734652800000,3417.01,3497.84,3101.9,3472.21,1332783.731
2024-12-21,1734739200000,3472.2,3555.18,3293.11,3338.92,475275.82
2024-12-22,1734825600000,3338.92,3403.0,3221.1,3281.83,361920.2495
2024-12-23,1734912000000,3281.83,3466.99,3216.97,3422.53,488253.41
2024-12-24,1734998400000,3422.53,3539.65,3358.19,3493.18,315723.6763
2024-12-25,1735084800000,3493.17,3547.95,3440.93,3497.0,219846.0452
2024-12-26,1735171200000,3497.0,3514.94,3304.63,3335.05,310170.1719
2024-12-27,1735257600000,3335.04,3444.16,3306.6,3333.51,342529.6038
2024-12-28,1735344000000,3333.51,3428.68,3322.23,3404.0,175963.613
2024-12-29,1735430400000,3404.01,3413.78,3326.17,3356.48,156256.8819
2024-12-30,1735516800000,3356.48,3437.59,3305.0,3361.84,420794.6476
2024-12-31,1735603200000,3361.83,3451.0,3315.59,3337.78,303053.1685
2025-01-01,1735689600000,3337.78,3374.85,3313.88,3360.38,190238.5861
2025-01-02,1735776000000,3360.39,3509.99,3354.5,3455.67,338632.8874
2025-01-03,1735862400000,3455.68,3630.0,3423.44,3609.01,334041.0604
2025-01-04,1735948800000,3609.0,3671.6,3572.42,3656.88,229266.3133
2025-01-05,1736035200000,3656.88,3675.25,3593.7,3635.99,155444.1741
2025-01-06,1736121600000,3636.0,3744.83,3610.63,3687.45,329642.3648
2025-01-07,1736208000000,3687.44,3700.86,3356.31,3381.31,541543.2874
2025-01-08,1736294400000,3381.31,3415.1,3208.2,3327.29,584749.9627
2025-01-09,1736380800000,3327.29,3357.27,3158.0,3219.2,501818.4247
2025-01-10,1736467200000,3219.2,3322.49,3193.97,3267.04,454142.1333
2025-01-11,1736553600000,3267.05,3320.18,3217.56,3282.83,151679.7487
2025-01-12,1736640000000,3282.83,3300.0,3224.49,3267.3,164879.9709
2025-01-13,1736726400000,3267.3,3339.0,2920.0,3137.51,845907.5669
2025-01-14,1736812800000,3137.51,3256.67,3125.65,3225.63,374308.4517
2025-01-15,1736899200000,3225.63,3473.75,3186.36,3451.52,464188.034
2025-01-16,1736985600000,3451.51,3460.79,3265.44,3308.05,471282.6787
2025-01-17,1737072000000,3308.04,3525.72,3307.5,3473.63,518550.1813
2025-01-18,1737158400000,3473.64,3494.39,3227.0,3307.71,634197.1281
2025-01-19,1737244800000,3307.71,3448.99,3130.48,3215.12,1342301.5217
2025-01-20,1737331200000,3215.2,3453.69,3142.78,3284.0,1158354.7814
2025-01-21,1737417600000,3283.99,3368.0,3204.6,3327.54,548706.0513
2025-01-22,1737504000000,3327.55,3365.99,3222.85,3242.6,349240.7498
2025-01-23,1737590400000,3242.61,3347.97,3185.0,3338.21,605592.7225
2025-01-24,1737676800000,3338.22,3428.0,3275.9,3310.09,451524.2752
2025-01-25,1737763200000,3310.1,3350.68,3268.66,3318.77,208559.0415
2025-01-26,1737849600000,3318.76,3362.0,3230.0,3232.61,272165.469
2025-01-27,1737936000000,3232.61,3253.91,3020.01,3182.44,753004.7529
2025-01-28,1738022400000,3182.44,3223.01,3040.03,3077.72,350959.7173
2025-01-29,1738108800000,3077.72,3182.52,3054.06,3113.9,409737.2576
2025-01-30,1738195200000,3113.9,3283.43,3091.06,3247.39,350639.4823
2025-01-31,1738281600000,3247.38,3437.31,3213.8,3300.99,648681.6561
2025-02-01,1738368000000,3300.99,3331.98,3101.7,3117.54,354065.2525
2025-02-02,1738454400000,3117.54,3163.2,2750.71,2869.68,1050805.93
2025-02-03,1738540800000,2869.68,2921.0,2125.01,2879.9,2807979.021
2025-02-04,1738627200000,2879.89,2888.5,2632.6,2731.19,1259594.3919
2025-02-05,1738713600000,2731.19,2826.95,2699.13,2788.25,686593.0429
2025-02-06,1738800000000,2788.25,2857.64,2655.28,2686.64,719459.9571
2025-02-07,1738886400000,2686.63,2797.5,2562.51,2622.1,695467.3612
2025-02-08,1738972800000,2622.11,2667.3,2588.8,2632.46,379685.1509
2025-02-09,1739059200000,2632.46,2698.9,2520.02,2627.18,387166.7911
2025-02-10,1739145600000,2627.18,2693.79,2559.85,2661.19,398173.2716
2025-02-11,1739232000000,2661.19,2725.04,2558.24,2602.59,484196.1435
2025-02-12,1739318400000,2602.59,2795.45,2546.92,2738.27,646295.8959
2025-02-13,1739404800000,2738.27,2757.28,2612.76,2675.87,443769.2853
2025-02-14,1739491200000,2675.87,2791.78,2664.46,2725.95,419895.7862
2025-02-15,1739577600000,2725.95,2739.0,2662.28,2693.04,202971.4295
2025-02-16,1739664000000,2693.04,2727.31,2651.26,2661.41,191231.5314
2025-02-17,1739750400000,2661.41,2849.7,2637.71,2744.05,639739.8197
2025-02-18,1739836800000,2744.05,2756.93,2605.44,2671.99,604863.8737
2025-02-19,1739923200000,2672.0,2736.7,2656.03,2715.5,326154.0202
2025-02-20,1740009600000,2715.51,2770.59,2707.18,2738.04,336735.2544
2025-02-21,1740096000000,2738.04,2845.32,2616.72,2663.0,890440.0604
2025-02-22,1740182400000,2663.0,2798.07,2653.33,2763.22,444989.6669
2025-02-23,1740268800000,2763.23,2857.34,2745.41,2819.69,611002.1222
2025-02-24,1740355200000,2819.7,2839.95,2470.33,2513.52,876876.3707
2025-02-25,1740441600000,2513.52,2533.49,2313.49,2495.7,1322016.8718
2025-02-26,1740528000000,2495.69,2507.5,2253.77,2336.37,863087.2133
2025-02-27,1740614400000,2336.38,2381.6,2230.57,2307.72,637583.9106
2025-02-28,1740700800000,2307.72,2314.18,2076.26,2237.59,1291539.0557
2025-03-01,1740787200000,2237.59,2281.14,2142.73,2217.39,446430.7271
2025-03-02,1740873600000,2217.4,2550.58,2172.04,2518.11,1266684.7748
2025-03-03,1740960000000,2518.12,2523.56,2097.91,2149.01,1109565.2003
2025-03-04,1741046400000,2149.02,2221.88,1993.2,2171.51,1257822.3372
2025-03-05,1741132800000,2171.5,2273.51,2155.03,2241.59,687130.7897
2025-03-06,1741219200000,2241.59,2319.99,2176.9,2202.2,596908.3935
2025-03-07,1741305600000,2202.21,2258.47,2101.82,2141.6,782387.2606
2025-03-08,1741392000000,2141.6,2234.93,2105.06,2203.58,328793.0979
2025-03-09,1741478400000,2203.57,2212.0,1989.66,2020.41,601671.5882
2025-03-10,1741564800000,2020.43,2152.4,1810.01,1865.1,1248745.3514
2025-03-11,1741651200000,1865.11,1963.2,1754.28,1923.43,1171427.9995
2025-03-12,1741737600000,1923.42,1960.0,1829.72,1908.2,788739.6763
2025-03-13,1741824000000,1908.2,1923.09,1821.81,1864.59,569537.2622
2025-03-14,1741910400000,1864.59,1945.64,1861.31,1911.65,375805.7355
2025-03-15,1741996800000,1911.64,1957.19,1903.75,1937.17,209545.8675
2025-03-16,1742083200000,1937.18,1940.87,1860.38,1887.0,324766.6564
2025-03-17,1742169600000,1887.01,1952.4,1879.98,1926.31,334840.4877
2025-03-18,1742256000000,1926.3,1936.2,1872.31,1931.54,332896.0155
2025-03-19,1742342400000,1931.54,2069.9,1927.58,2056.06,691809.5034
2025-03-20,1742428800000,2056.05,2067.9,1952.17,1983.79,401518.9282
2025-03-21,1742515200000,1983.79,1996.73,1937.1,1965.75,262641.659
2025-03-22,1742601600000,1965.74,2006.61,1964.34,1980.69,170782.9574
2025-03-23,1742688000000,1980.68,2020.74,1976.81,2005.99,268707.5233
2025-03-24,1742774400000,2005.99,2104.11,1977.67,2081.2,477912.8154
2025-03-25,1742860800000,2081.2,2097.7,2037.08,2066.15,328765.3292
2025-03-26,1742947200000,2066.16,2079.21,1981.6,2009.52,428975.3286
2025-03-27,1743033600000,2009.52,2037.38,1987.06,2003.66,360634.8383
2025-03-28,1743120000000,2003.67,2015.93,1860.0,1896.9,626167.5832
2025-03-29,1743206400000,1896.9,1913.6,1797.2,1828.08,409769.7555
2025-03-30,1743292800000,1828.09,1849.01,1767.69,1807.74,327843.4476
2025-03-31,1743379200000,1807.74,1854.22,1776.75,1822.43,497854.9052
2025-04-01,1743465600000,1822.43,1927.9,1817.88,1904.98,452989.0974
2025-04-02,1743552000000,1904.98,1957.0,1781.53,1795.22,750840.7823
2025-04-03,1743638400000,1795.21,1845.26,1750.0,1817.23,508075.018
2025-04-04,1743724800000,1817.23,1835.68,1758.72,1816.87,572734.4702
2025-04-05,1743811200000,1816.88,1827.29,1764.39,1806.01,201716.2696
2025-04-06,1743897600000,1806.02,1817.0,1537.5,1580.76,979847.0958
2025-04-07,1743984000000,1580.77,1639.0,1411.01,1553.04,2168796.0067
2025-04-08,1744070400000,1553.04,1618.67,1441.3,1473.41,891846.1327
2025-04-09,1744156800000,1473.41,1689.0,1385.05,1669.51,1968530.9138
2025-04-10,1744243200000,1669.51,1669.85,1471.02,1522.25,911855.3934
2025-04-11,1744329600000,1522.24,1591.47,1504.63,1566.85,578484.3183
2025-04-12,1744416000000,1566.85,1669.59,1546.06,1644.18,501867.9033
2025-04-13,1744502400000,1644.19,1649.75,1562.01,1597.76,580136.6145
2025-04-14,1744588800000,1597.76,1691.5,1595.56,1623.77,645930.1419
2025-04-15,1744675200000,1623.78,1661.21,1583.12,1588.78,476178.8915
2025-04-16,1744761600000,1588.77,1613.66,1538.07,1577.14,611387.8686
2025-04-17,1744848000000,1577.15,1616.96,1563.2,1583.62,449870.3628
2025-04-18,1744934400000,1583.63,1600.64,1573.54,1588.6,200409.0359
2025-04-19,1745020800000,1588.6,1631.81,1585.01,1613.27,223096.3899
2025-04-20,1745107200000,1613.26,1619.19,1565.59,1587.36,276052.2306
2025-04-21,1745193600000,1587.36,1658.75,1564.07,1579.57,691486.6667
2025-04-22,1745280000000,1579.57,1778.0,1537.26,1756.26,1103036.9586
2025-04-23,1745366400000,1756.25,1834.86,1744.95,1795.07,887545.6316
2025-04-24,1745452800000,1795.08,1802.82,1722.9,1769.65,483465.0385
2025-04-25,1745539200000,1769.64,1827.32,1738.6,1784.6,595610.8894
2025-04-26,1745625600000,1784.6,1841.16,1778.94,1820.88,355068.0442
2025-04-27,1745712000000,1820.87,1857.47,1781.9,1791.29,340332.6435
2025-04-28,1745798400000,1791.29,1827.98,1744.71,1799.88,587269.743
2025-04-29,1745884800000,1799.88,1842.99,1780.47,1797.81,480456.3884
2025-04-30,1745971200000,1797.81,1816.8,1731.7,1793.61,473523.9877
2025-05-01,1746057600000,1793.62,1873.17,1792.52,1838.11,537198.7291
2025-05-02,1746144000000,1838.1,1871.0,1813.0,1842.2,410667.875
2025-05-03,1746230400000,1842.2,1848.6,1810.0,1833.52,213751.5979
2025-05-04,1746316800000,1833.52,1849.95,1803.0,1808.86,238254.3564
2025-05-05,1746403200000,1808.86,1833.55,1781.85,1820.19,342341.0078
2025-05-06,1746489600000,1820.19,1820.9,1752.0,1817.0,384584.2451
2025-05-07,1746576000000,1817.0,1850.0,1787.01,1811.11,456170.0705
2025-05-08,1746662400000,1811.11,2226.0,1808.71,2207.39,1473152.686
2025-05-09,1746748800000,2207.39,2490.77,2184.33,2345.04,1667041.0382
2025-05-10,1746835200000,2345.04,2600.0,2317.0,2583.23,979350.1606
2025-05-11,1746921600000,2583.22,2608.13,2435.51,2514.57,831584.3888
2025-05-12,1747008000000,2514.58,2624.0,2406.63,2495.47,1068680.9433
2025-05-13,1747094400000,2495.48,2738.5,2415.3,2679.71,1031355.6465
2025-05-14,1747180800000,2679.71,2725.99,2547.26,2609.74,830047.1122
2025-05-15,1747267200000,2609.75,2647.03,2476.03,2548.69,768954.0332
2025-05-16,1747353600000,2548.7,2649.31,2529.4,2537.12,605953.6919
2025-05-17,1747440000000,2537.13,2538.16,2446.42,2475.08,494333.2782
2025-05-18,1747526400000,2475.09,2587.61,2323.21,2497.78,810103.1851
2025-05-19,1747612800000,2497.78,2547.36,2348.38,2528.14,861747.523
2025-05-20,1747699200000,2528.14,2588.63,2442.4,2524.19,676989.1747
2025-05-21,1747785600000,2524.19,2615.95,2452.2,2550.99,1095890.2902
2025-05-22,1747872000000,2551.0,2692.99,2544.83,2664.82,852555.6669
2025-05-23,1747958400000,2664.83,2734.23,2498.3,2526.5,971442.4532
2025-05-24,1748044800000,2526.49,2575.85,2515.08,2530.4,257544.2344
2025-05-25,1748131200000,2530.41,2554.26,2463.0,2551.22,359890.0299
2025-05-26,1748217600000,2551.22,2599.0,2525.86,2563.7,362971.1182
2025-05-27,1748304000000,2563.7,2712.36,2509.46,2660.81,798430.8862
2025-05-28,1748390400000,2660.81,2689.14,2608.5,2681.6,560095.6833
2025-05-29,1748476800000,2681.61,2788.0,2619.05,2631.39,811567.2545
2025-05-30,1748563200000,2631.39,2649.23,2507.35,2531.34,763045.2564
2025-05-31,1748649600000,2531.35,2550.34,2475.33,2528.06,394537.2521
2025-06-01,1748736000000,2528.06,2547.79,2468.56,2539.21,332021.7088
2025-06-02,1748822400000,2539.2,2615.0,2475.0,2607.41,468889.9737
2025-06-03,1748908800000,2607.42,2655.38,2575.0,2593.36,454383.0439
2025-06-04,1748995200000,2593.35,2679.88,2583.5,2607.68,502494.8214
2025-06-05,1749081600000,2607.68,2640.86,2391.66,2414.01,808938.0344
2025-06-06,1749168000000,2414.02,2531.36,2381.49,2476.1,578843.4974
2025-06-07,1749254400000,2476.1,2544.36,2457.0,2524.63,264787.6743
2025-06-08,1749340800000,2524.64,2548.63,2490.58,2509.83,266474.7139
2025-06-09,1749427200000,2509.84,2693.99,2477.73,2680.13,568726.3025
2025-06-10,1749513600000,2680.13,2827.0,2655.61,2816.4,1138405.4775
2025-06-11,1749600000000,2816.41,2879.22,2743.75,2771.61,850210.9324
2025-06-12,1749686400000,2771.6,2784.83,2616.24,2642.65,699593.3757
2025-06-13,1749772800000,2642.66,2645.45,2436.98,2579.19,1202176.2972
2025-06-14,1749859200000,2579.19,2579.43,2488.72,2530.76,331438.9278
2025-06-15,1749945600000,2530.77,2559.51,2492.0,2547.61,299701.6624
2025-06-16,1750032000000,2547.62,2680.34,2514.85,2544.17,680429.988
2025-06-17,1750118400000,2544.17,2618.6,2453.8,2509.95,715930.4081
2025-06-18,1750204800000,2509.95,2548.42,2465.78,2525.0,504532.1818
2025-06-19,1750291200000,2525.0,2546.91,2485.03,2521.12,252646.059
2025-06-20,1750377600000,2521.13,2569.0,2367.36,2406.49,632027.8235
2025-06-21,1750464000000,2406.49,2448.8,2216.0,2295.73,496783.864
2025-06-22,1750550400000,2295.72,2314.48,2111.89,2227.7,840155.8295
2025-06-23,1750636800000,2227.7,2438.68,2188.0,2411.66,744583.8003
2025-06-24,1750723200000,2411.66,2482.04,2376.11,2448.45,516760.6621
2025-06-25,1750809600000,2448.46,2468.69,2389.69,2418.49,414894.7387
2025-06-26,1750896000000,2418.5,2520.92,2394.32,2415.96,463704.0261
2025-06-27,1750982400000,2415.96,2463.54,2382.53,2423.17,381474.766
2025-06-28,1751068800000,2423.17,2447.8,2405.81,2435.62,155814.9859
2025-06-29,1751155200000,2435.62,2525.0,2412.0,2500.09,284291.8057
2025-06-30,1751241600000,2500.09,2524.3,2431.0,2485.47,440455.714
2025-07-01,1751328000000,2485.47,2500.8,2386.52,2405.01,351951.0868
2025-07-02,1751414400000,2405.01,2619.28,2373.0,2570.41,634967.0337
2025-07-03,1751500800000,2570.41,2635.5,2556.12,2591.25,504943.6592
2025-07-04,1751587200000,2591.26,2603.17,2474.24,2508.04,452593.02
2025-07-05,1751673600000,2508.04,2529.81,2487.95,2516.41,157198.0958
2025-07-06,1751760000000,2516.42,2605.0,2503.5,2570.35,277593.6319
2025-07-07,1751846400000,2570.35,2590.57,2512.0,2542.29,315707.5272
2025-07-08,1751932800000,2542.3,2628.21,2523.59,2615.25,370915.7321
2025-07-09,1752019200000,2615.25,2795.74,2589.78,2768.74,686119.3772
2025-07-10,1752105600000,2768.74,3000.0,2755.5,2951.29,951896.07
2025-07-11,1752192000000,2951.29,3040.15,2913.75,2958.22,906839.1689
2025-07-12,1752278400000,2958.21,2979.78,2903.85,2943.28,348884.8877
2025-07-13,1752364800000,2943.29,3020.31,2936.49,2972.03,357333.5016
2025-07-14,1752451200000,2972.03,3083.0,2962.81,3013.62,815552.6496
2025-07-15,1752537600000,3013.61,3144.14,2932.46,3137.89,863583.7377
2025-07-16,1752624000000,3137.9,3425.0,3101.0,3371.35,1135950.5831
2025-07-17,1752710400000,3371.35,3523.44,3310.77,3476.87,974065.8264
2025-07-18,1752796800000,3476.88,3673.84,3458.68,3546.92,1163823.3977
2025-07-19,1752883200000,3546.92,3608.3,3506.79,3592.01,381791.9213
2025-07-20,1752969600000,3592.0,3824.56,3579.13,3756.69,852356.5533
2025-07-21,1753056000000,3756.69,3860.0,3701.01,3762.33,812074.0534
2025-07-22,1753142400000,3762.32,3798.65,3616.54,3746.21,870127.3864
2025-07-23,1753228800000,3746.21,3764.2,3527.0,3628.29,800259.4025
2025-07-24,1753315200000,3628.29,3771.0,3502.85,3706.94,749459.495
2025-07-25,1753401600000,3706.95,3747.0,3573.76,3724.96,764606.7261
2025-07-26,1753488000000,3724.97,3793.0,3697.66,3741.1,407259.7024
2025-07-27,1753574400000,3741.11,3879.82,3731.0,3872.1,457352.4605
2025-07-28,1753660800000,3872.11,3941.0,3754.0,3799.0,620994.7463
2025-07-29,1753747200000,3799.0,3886.44,3716.04,3793.79,584210.4393
2025-07-30,1753833600000,3793.79,3834.03,3677.65,3810.0,525424.9003
2025-07-31,1753920000000,3810.0,3878.67,3684.33,3698.39,516088.4503
2025-08-01,1754006400000,3698.39,3724.02,3431.75,3488.2,783869.1517
2025-08-02,1754092800000,3488.21,3537.69,3368.29,3393.94,494195.7094
2025-08-03,1754179200000,3393.94,3521.79,3354.28,3496.74,296347.6758
2025-08-04,1754265600000,3496.75,3736.73,3490.73,3720.99,463349.9861
2025-08-05,1754352000000,3720.99,3722.24,3546.0,3612.0,489070.9589
2025-08-06,1754438400000,3612.01,3698.6,3564.19,3683.31,365309.9205
2025-08-07,1754524800000,3683.31,3927.77,3647.63,3910.31,631678.9872
2025-08-08,1754611200000,3910.3,4071.0,3880.0,4009.5,723300.0109
2025-08-09,1754697600000,4009.51,4326.2,4006.63,4260.62,691932.1048
2025-08-10,1754784000000,4260.63,4332.6,4153.07,4250.57,494843.8105
2025-08-11,1754870400000,4250.58,4366.46,4166.77,4223.22,722664.04
2025-08-12,1754956800000,4223.22,4639.7,4219.04,4590.52,885288.0652
2025-08-13,1755043200000,4590.52,4783.85,4564.33,4749.3,925931.4988
2025-08-14,1755129600000,4749.31,4788.0,4451.33,4546.84,1265449.0453
2025-08-15,1755216000000,4546.84,4672.67,4368.0,4439.47,880409.2591
2025-08-16,1755302400000,4439.47,4490.42,4372.54,4421.99,358676.5884
2025-08-17,1755388800000,4422.0,4576.0,4393.98,4472.33,442461.3829
2025-08-18,1755475200000,4472.34,4481.88,4225.86,4312.99,823188.1269
2025-08-19,1755561600000,4312.99,4355.0,4067.34,4075.59,831222.7951
2025-08-20,1755648000000,4075.58,4378.0,4060.0,4336.16,728324.8933
2025-08-21,1755734400000,4336.16,4340.26,4204.2,4225.3,433836.3992
2025-08-22,1755820800000,4225.3,4887.59,4207.39,4832.07,1277976.63526
2025-08-23,1755907200000,4832.07,4832.07,4659.7,4778.4,512442.0888
2025-08-24,1755993600000,4778.4,4956.78,4711.0,4780.15,780668.77842
2025-08-25,1756080000000,4780.15,4797.97,4334.13,4376.18,1043917.1659
2025-08-26,1756166400000,4376.17,4633.46,4311.04,4600.63,834750.2767
2025-08-27,1756252800000,4600.63,4663.93,4481.53,4506.71,606669.3611
2025-08-28,1756339200000,4506.71,4633.97,4430.0,4511.21,485243.4027
2025-08-29,1756425600000,4511.2,4516.75,4265.0,4360.18,679063.8777
2025-08-30,1756512000000,4360.18,4415.61,4257.2,4373.7,340319.1826
2025-08-31,1756598400000,4373.7,4498.47,4372.63,4391.83,356586.1861
2025-09-01,1756684800000,4391.83,4491.84,4210.61,4314.5,513830.0395
2025-09-02,1756771200000,4314.5,4416.78,4257.85,4326.5,524605.0512
2025-09-03,1756857600000,4326.49,4490.64,4283.23,4450.46,487091.6861
2025-09-04,1756944000000,4450.46,4482.05,4265.33,4297.55,471795.7096
2025-09-05,1757030400000,4297.56,4490.0,4256.03,4307.45,624169.8754
2025-09-06,1757116800000,4307.46,4329.3,4236.0,4273.14,191166.0686
2025-09-07,1757203200000,4273.15,4336.02,4270.81,4306.19,169620.8372
2025-09-08,1757289600000,4306.19,4384.06,4279.0,4306.37,372882.4355
2025-09-09,1757376000000,4306.36,4381.87,4276.76,4310.09,405485.7821
2025-09-10,1757462400000,4310.08,4453.57,4285.1,4349.32,506633.9098
2025-09-11,1757548800000,4349.33,4481.09,4338.82,4458.82,441259.6649
2025-09-12,1757635200000,4458.83,4748.4,4450.71,4712.16,510777.5402
2025-09-13,1757721600000,4712.16,4769.36,4605.0,4666.53,394393.6869
2025-09-14,1757808000000,4666.54,4692.36,4576.89,4604.49,278244.3205
2025-09-15,1757894400000,4604.48,4670.28,4466.0,4523.74,412291.9687
2025-09-16,1757980800000,4523.74,4538.25,4424.0,4501.29,293307.1099
2025-09-17,1758067200000,4501.3,4616.77,4412.0,4590.53,476981.4561
2025-09-18,1758153600000,4590.54,4644.47,4553.7,4587.66,290660.377
2025-09-19,1758240000000,4587.66,4620.72,4435.7,4468.59,331611.1482
2025-09-20,1758326400000,4468.59,4508.71,4454.45,4480.42,130781.913
2025-09-21,1758412800000,4480.41,4498.16,4443.0,4444.97,149349.8262
2025-09-22,1758499200000,4444.98,4455.76,4077.0,4199.08,708243.2348
2025-09-23,1758585600000,4199.09,4229.03,4114.39,4164.26,315227.9057
2025-09-24,1758672000000,4164.25,4206.9,4073.74,4152.81,353665.5671
2025-09-25,1758758400000,4152.81,4161.04,3815.0,3874.36,930327.6951
2025-09-26,1758844800000,3874.35,4068.3,3867.65,4032.24,575711.0859
2025-09-27,1758931200000,4032.24,4039.01,3972.98,4018.38,172693.2638
2025-09-28,1759017600000,4018.39,4144.88,3966.0,4142.16,240331.8589
2025-09-29,1759104000000,4142.16,4235.86,4082.25,4215.07,380728.6784
2025-09-30,1759190400000,4215.07,4245.0,4092.1,4145.15,391126.6172
2025-10-01,1759276800000,4145.15,4355.46,4123.08,4348.03,507026.3822
2025-10-02,1759363200000,4348.03,4516.74,4332.73,4484.35,526411.1571
2025-10-03,1759449600000,4484.35,4591.59,4428.0,4512.87,485684.0267
2025-10-04,1759536000000,4512.88,4517.93,4440.0,4487.15,199732.7088
2025-10-05,1759622400000,4487.16,4618.17,4467.05,4514.32,506587.9614
2025-10-06,1759708800000,4514.32,4735.93,4488.25,4684.01,456200.6528
2025-10-07,1759795200000,4684.02,4755.0,4430.43,4447.7,640685.9319
2025-10-08,1759881600000,4447.7,4558.0,4410.08,4525.72,399904.3287
2025-10-09,1759968000000,4525.72,4531.52,4265.06,4368.09,515978.1829
2025-10-10,1760054400000,4368.09,4393.63,3435.0,3829.72,1493971.0244
2025-10-11,1760140800000,3829.72,3878.3,3643.33,3746.79,789885.6582
2025-10-12,1760227200000,3746.8,4197.7,3694.74,4152.29,811308.152
2025-10-13,1760313600000,4152.29,4292.0,4042.29,4240.85,622813.9247
2025-10-14,1760400000000,4240.86,4263.38,3888.74,4125.02,962996.7658
2025-10-15,1760486400000,4125.01,4217.6,3926.74,3985.61,626081.6966
2025-10-16,1760572800000,3985.61,4086.49,3826.04,3894.51,643804.6163
2025-10-17,1760659200000,3894.5,3950.45,3674.5,3831.57,830127.0885
2025-10-18,1760745600000,3831.58,3927.73,3819.07,3889.21,250710.6121
2025-10-19,1760832000000,3889.2,4030.94,3827.04,3982.58,408538.2545
2025-10-20,1760918400000,3982.58,4085.3,3908.73,3979.22,511382.3301
2025-10-21,1761004800000,3979.22,4110.0,3840.24,3873.05,590594.1382
2025-10-22,1761091200000,3873.04,3889.27,3710.0,3805.53,593130.0905
2025-10-23,1761177600000,3805.53,3934.86,3796.54,3856.8,477231.0181
2025-10-24,1761264000000,3856.8,4026.39,3845.86,3934.88,425926.9383
2025-10-25,1761350400000,3934.88,3969.22,3912.4,3953.82,138526.3338
2025-10-26,1761436800000,3953.81,4178.78,3919.03,4158.46,344698.0918
2025-10-27,1761523200000,4158.46,4253.72,4095.0,4120.15,487131.2291
2025-10-28,1761609600000,4120.16,4175.55,3931.33,3979.2,472965.8377
2025-10-29,1761696000000,3979.19,4036.66,3840.37,3902.99,486452.3127
2025-10-30,1761782400000,3903.0,3948.74,3680.0,3805.09,531455.9923
2025-10-31,1761868800000,3804.95,3906.09,3796.36,3847.99,478636.2995
2025-11-01,1761955200000,3848.0,3909.39,3831.0,3873.77,152998.1626
2025-11-02,1762041600000,3873.78,3918.23,3839.12,3906.58,216083.1542
2025-11-03,1762128000000,3906.58,3914.29,3558.82,3603.83,877187.3852
2025-11-04,1762214400000,3603.84,3654.54,3057.0,3287.05,1568004.2379
2025-11-05,1762300800000,3287.05,3480.46,3166.66,3424.29,809591.5132
2025-11-06,1762387200000,3424.29,3456.46,3245.45,3315.14,566363.7003
2025-11-07,1762473600000,3315.14,3473.0,3194.2,3436.05,683417.3854
2025-11-08,1762560000000,3436.04,3488.0,3355.58,3401.51,291532.2881
2025-11-09,1762646400000,3401.51,3623.25,3358.66,3583.46,464098.052
2025-11-10,1762732800000,3583.46,3658.98,3507.3,3567.85,595273.0298
2025-11-11,1762819200000,3567.85,3648.27,3405.24,3417.76,660283.2747
2025-11-12,1762905600000,3417.76,3588.19,3371.65,3414.92,553101.9368
2025-11-13,1762992000000,3414.91,3565.84,3154.22,3231.54,951989.1347
2025-11-14,1763078400000,3231.55,3256.71,3070.0,3112.4,890446.1491
2025-11-15,1763164800000,3112.4,3230.0,3110.68,3167.88,338463.4782
2025-11-16,1763251200000,3167.87,3249.0,3004.0,3095.29,570633.5809
2025-11-17,1763337600000,3095.29,3223.38,2959.46,3031.44,762500.4289
2025-11-18,1763424000000,3031.44,3169.95,2946.56,3123.66,766640.1058
2025-11-19,1763510400000,3123.65,3125.54,2873.64,3025.48,737926.7146
2025-11-20,1763596800000,3025.48,3063.61,2790.01,2834.22,912524.3718
2025-11-21,1763683200000,2834.21,2886.73,2623.57,2765.85,1180475.4085
2025-11-22,1763769600000,2765.86,2799.01,2704.33,2770.12,264691.3089
2025-11-23,1763856000000,2770.12,2858.16,2768.29,2802.16,409808.5734
2025-11-24,1763942400000,2802.16,2987.0,2763.0,2953.38,715279.7551
2025-11-25,1764028800000,2953.38,2980.82,2857.32,2959.36,427686.4528
2025-11-26,1764115200000,2959.36,3045.0,2888.69,3026.56,364535.326
2025-11-27,1764201600000,3026.56,3071.37,2985.78,3015.23,274980.3955
2025-11-28,1764288000000,3015.23,3099.0,2994.36,3031.15,346616.0275
2025-11-29,1764374400000,3031.14,3052.64,2961.91,2989.16,217904.1303
2025-11-30,1764460800000,2989.17,3053.02,2975.3,2991.26,182722.4253
2025-12-01,1764547200000,2991.25,2999.47,2716.04,2799.07,849002.9909
2025-12-02,1764633600000,2799.07,3033.76,2782.19,2996.07,523707.3586
2025-12-03,1764720000000,2996.07,3214.99,2985.58,3188.36,553669.8146
2025-12-04,1764806400000,3188.39,3240.35,3066.37,3133.26,486698.3987
2025-12-05,1764892800000,3133.26,3193.33,2983.08,3021.78,530382.8986
2025-12-06,1764979200000,3021.77,3069.0,3012.58,3038.06,159721.2488
2025-12-07,1765065600000,3038.06,3150.0,2907.52,3059.85,391129.675
2025-12-08,1765152000000,3059.86,3180.51,3040.87,3124.16,452820.2207
2025-12-09,1765238400000,3124.16,3397.85,3090.8,3318.04,603859.9458
2025-12-10,1765324800000,3318.04,3447.44,3288.1,3324.14,539585.4535
2025-12-11,1765411200000,3324.14,3327.37,3145.28,3237.39,504114.2391
2025-12-12,1765497600000,3237.38,3265.5,3045.31,3084.86,435686.4435
2025-12-13,1765584000000,3084.86,3135.68,3078.6,3114.64,136465.7567
2025-12-14,1765670400000,3114.64,3129.54,3024.44,3063.5,279058.3545
2025-12-15,1765756800000,3063.49,3177.5,2894.57,2964.85,520509.9555
2025-12-16,1765843200000,2964.85,2981.87,2876.0,2962.3,378293.1159
2025-12-17,1765929600000,2962.3,3030.92,2791.02,2833.49,497630.4162
2025-12-18,1766016000000,2833.5,2997.4,2775.19,2828.57,595253.7997
2025-12-19,1766102400000,2828.56,3020.0,2808.63,2979.5,531702.5439
2025-12-20,1766188800000,2979.49,2994.41,2964.17,2977.93,91783.7734
2025-12-21,1766275200000,2977.93,3013.4,2944.0,3002.02,162244.8067
2025-12-22,1766361600000,3002.03,3077.39,2963.43,3009.49,298443.5633
2025-12-23,1766448000000,3009.48,3035.79,2900.93,2965.02,386465.747
2025-12-24,1766534400000,2965.03,2978.15,2888.7,2947.47,197035.5598
2025-12-25,1766620800000,2947.48,2971.46,2891.2,2903.95,188721.2981
2025-12-26,1766707200000,2903.9,2994.38,2894.26,2927.99,314830.9989
2025-12-27,1766793600000,2928.0,2960.89,2917.13,2949.05,95040.3956
2025-12-28,1766880000000,2949.05,2961.23,2924.54,2950.91,128834.139
2025-12-29,1766966400000,2950.91,3057.78,2910.25,2937.9,485959.1824
2025-12-30,1767052800000,2937.91,3009.8,2919.44,2973.69,286583.2879
2025-12-31,1767139200000,2973.69,3028.08,2958.91,2971.64,233729.5887
2026-01-01,1767225600000,2971.65,3010.0,2971.15,3004.19,136088.5207
2026-01-02,1767312000000,3004.19,3150.01,2992.49,3125.45,369891.2449
2026-01-03,1767398400000,3125.46,3136.71,3076.0,3127.11,134405.2258
2026-01-04,1767484800000,3127.11,3167.22,3118.75,3144.7,181576.0686
2026-01-05,1767571200000,3144.71,3265.66,3135.02,3224.99,382446.6618
2026-01-06,1767657600000,3224.99,3308.86,3183.27,3296.84,412503.5066
2026-01-07,1767744000000,3296.83,3296.84,3125.42,3168.72,321350.1225
2026-01-08,1767830400000,3168.72,3184.39,3054.65,3106.65,343616.1005
2026-01-09,1767916800000,3106.66,3148.41,3058.69,3088.4,274587.4533
2026-01-10,1768003200000,3088.4,3104.12,3077.99,3086.72,82341.0546
2026-01-11,1768089600000,3086.72,3147.27,3084.46,3123.45,149381.2965
2026-01-12,1768176000000,3123.46,3171.49,3065.55,3095.75,297373.4681
2026-01-13,1768262400000,3095.75,3367.79,3091.96,3325.82,457782.2816
2026-01-14,1768348800000,3325.83,3402.89,3280.48,3354.92,503440.0759
2026-01-15,1768435200000,3354.92,3384.19,3273.72,3318.69,389993.836
2026-01-16,1768521600000,3318.7,3326.79,3253.01,3296.28,223921.7876
2026-01-17,1768608000000,3296.28,3330.26,3283.96,3310.56,124325.0303
2026-01-18,1768694400000,3310.56,3368.82,3278.86,3284.03,173354.3026
2026-01-19,1768780800000,3284.04,3284.58,3165.38,3189.55,442540.5596
2026-01-20,1768867200000,3189.56,3200.5,2920.0,2939.88,518166.4787
2026-01-21,1768953600000,2939.88,3069.07,2866.11,2982.27,577800.2481
2026-01-22,1769040000000,2982.28,3038.33,2906.02,2952.69,291660.7349
2026-01-23,1769126400000,2952.7,3019.26,2892.4,2956.41,318415.3317
2026-01-24,1769212800000,2956.41,2970.41,2943.84,2953.22,92082.9039
2026-01-25,1769299200000,2953.23,2960.29,2787.0,2816.89,380186.5326
2026-01-26,1769385600000,2816.9,2951.21,2812.37,2930.35,485169.3372
2026-01-27,1769472000000,2930.35,3035.08,2899.77,3026.77,478792.3988
2026-01-28,1769558400000,3026.77,3045.78,2983.67,3010.78,296607.6549
2026-01-29,1769644800000,3010.78,3013.5,2754.53,2822.59,561288.5979
2026-01-30,1769731200000,2822.6,2828.65,2636.01,2707.38,793279.6252
2026-01-31,1769817600000,2707.37,2714.64,2250.0,2451.95,1113097.7132
2026-02-01,1769904000000,2451.96,2475.98,2222.0,2270.15,1026573.9466
2026-02-02,1769990400000,2270.16,2396.62,2157.14,2347.02,1248535.2114
2026-02-03,1770076800000,2347.01,2359.88,2110.0,2233.72,1321099.3867
2026-02-04,1770163200000,2233.72,2295.74,2076.68,2148.26,1264743.43
2026-02-05,1770249600000,2148.25,2173.77,1818.18,1826.83,1952286.6951
2026-02-06,1770336000000,1826.83,2093.94,1747.8,2063.38,2102311.5573
2026-02-07,1770422400000,2063.37,2121.7,1994.57,2087.08,1142616.4487
2026-02-08,1770508800000,2087.08,2152.03,2064.1,2089.74,482837.2515
2026-02-09,1770595200000,2089.73,2147.73,2008.62,2105.02,625378.5569
2026-02-10,1770681600000,2105.02,2124.71,1989.38,2022.67,574321.6908
2026-02-11,1770768000000,2022.67,2032.31,1903.19,1941.18,529655.8177
2026-02-12,1770854400000,1941.19,2001.42,1897.24,1947.85,427567.1469
2026-02-13,1770940800000,1947.85,2073.68,1924.72,2048.72,425649.7698
2026-02-14,1771027200000,2048.72,2107.67,2042.37,2086.59,220677.2355
2026-02-15,1771113600000,2086.59,2103.32,1928.88,1966.58,834778.0952
2026-02-16,1771200000000,1966.59,1981.2,1948.76,1972.65,81240.1734
